id2,seq2,E_1,ED1_1,ED2_1,Pu1_1,Pu2_1,E_hybrid_1,P_E_1,seedNumber_1,seedEbest_1,E_2,ED1_2,ED2_2,Pu1_2,Pu2_2,E_hybrid_2,P_E_2,seedNumber_2,seedEbest_2,E_3,ED1_3,ED2_3,Pu1_3,Pu2_3,E_hybrid_3,P_E_3,seedNumber_3,seedEbest_3,E_diff_12,pumin1_4u,pumin5_8u,pumin1_4d,pumin5_8d,target_file,Y
AU-147-148,AAAGUCAUAGGCUAGCUACAACGAACCUCACGU,-0.12747913646034884,0.4295880794297404,-0.4765690110894068,-0.4318207441495187,-0.3757547545117126,-0.0709664303627364,-0.16697588463981433,0.6168752750775547,-1.3340123244488342,-0.08991121649876119,0.5328237370337268,-0.45986072528719923,-0.4098032928125633,-0.3931548107957779,-0.09576078227899625,-0.1328508264044158,0.675657547303111,-1.1339384656863039,-0.16639822378052227,-0.20102892938990966,-0.20102887918446743,-0.43185749927887,-0.43365854996764935,0.16036387434460606,-0.08248437170479879,0.3856482137206445,0.22689254787975138,0.2591338574087755,-0.885128052753411,0.9573655373246898,1.044104468031176,-0.10714347286298234,HPV.fasta,1
AU-182-183,CCAUCUCUAGGCUAGCUACAACGAAUACUAUGC,-1.316700926374442,-0.5337458518743126,-1.005088790000078,-0.2519554023622865,0.42048713503584845,-0.24754216961637587,-0.16668327030180957,1.4515909938293612,-1.0563313890943393,-1.321564532992793,-0.4162313228563693,-0.9833593591895023,-0.30604868368892657,0.368331060003998,-0.26772304593778523,-0.13241896712780707,1.4494552970077914,-0.8720244882217665,-0.6767227754462806,-0.20103325646826792,-0.2010332062627835,0.29673134831530673,0.2955094316187537,0.15190901824208047,-0.0824083938008249,0.3856482137206445,-0.5894034904750918,0.2591338574087755,-0.6732622800041559,-0.17811567091581948,0.06205915890133959,0.2234096838727982,HPV.fasta,1
AU-188-189,GGAUUCCCAGGCUAGCUACAACGACUCUAUAUA,-0.776954378333632,0.6166432117217893,-0.7759076469326187,-0.4349677890372891,-0.0992937874723685,-0.49087215175858606,-0.15952080370892383,-0.21784044367425173,-1.1427210134268493,-0.7625597858558513,0.7171062729347161,-0.7563555267893887,-0.41161865317593666,-0.12876138589354752,-0.5046954336627014,-0.1218611767762435,-0.0981402024015693,-0.9535088367662896,-1.0149611410852128,-0.20103619270001102,-0.20103614249449803,1.7865116281666749,1.7864738942967724,0.15190901824208047,-0.08254546293933787,0.3856482137206445,-1.347392668947446,0.2591338574087755,0.4620613462509206,-0.6974207923329389,0.37648642643976604,-0.9204057842450785,HPV.fasta,1
AU-194-195,GCAUAUGGAGGCUAGCUACAACGAUCCCAUCUC,-1.189178390298866,0.9720479630766828,-0.28012803131729896,-0.43740860132256953,-0.4506175070315886,-1.18210157005637,-0.16668424804963955,-0.6351983030501549,-0.9514297024048637,-1.1894919828450539,1.0672430911465964,-0.26528601180138744,-0.41302662606324825,-0.4647497985016599,-1.1778647828635704,-0.1324204143142565,-0.4850390772539095,-0.7730792078462747,-0.41562649319868317,-0.2010332049554303,-0.2010331547499464,0.28097222536938027,0.27973778220633544,0.33368842444637614,-0.08260732253705048,0.3856482137206445,-0.684814715737346,0.2591338574087755,1.39790145169266,0.14954851153695303,-0.8913925505628137,-0.9667369146619322,HPV.fasta,1
AU-198-199,UACAGCAUAGGCUAGCUACAACGAGGAUUCCCA,-0.3202457607606384,1.2666597964366602,0.047273601636214205,-0.4380511381351913,-0.5026451911746952,-0.8375635422443902,-0.16691661820939224,-0.21784044367425173,-1.1859158255931035,-0.28955576904766916,1.3574880851906548,0.05900517734163231,-0.41339727087552103,-0.5145064702938474,-0.8423286586512991,-0.13276335832203126,-0.0981402024015693,-0.9942510110385505,0.11843408412594712,-0.2010263537480297,-0.2010263035426126,-0.5711057445575433,-0.5730174796089298,0.15190901824208047,-0.08235406122579318,0.3856482137206445,0.4495187401583449,0.2591338574087755,-0.8939747434956212,1.4001135148693375,-0.9283682791460728,-1.0524859089422651,HPV.fasta,0
AU-200-201,CAUACAGCAGGCUAGCUACAACGAAUGGAUUCC,-0.201620145806614,1.2760125530512623,-0.4110886844987041,-0.43806266866713284,-0.4065411758245221,-0.5447062186042079,-0.1666887233217695,0.19951741570165146,1.2823591553357376,-0.16669758286372577,1.3667022119857042,-0.39500248745859523,-0.4134039222171453,-0.4225974024880016,-0.5571229530708688,-0.1324271942493908,0.28875867245077086,1.3338732330906695,-0.05365210190087832,-0.20102795064599527,-0.2010279004405626,-0.4983340136508671,-0.5001879045790828,0.16036387434460606,-0.08246676786826876,0.3856482137206445,0.22689254787975138,0.2591338574087755,-0.9367907038936477,-0.17995076110459912,-1.0223818895901144,0.026795348199576206,HPV.fasta,0
AU-207-208,UUUAUCACAGGCUAGCUACAACGAACAGCAUAU,1.0439488112106405,1.0702519075300085,-0.7992934778578697,-0.4376984095127258,-0.06312705569699055,0.6331831639779971,-0.16540968117059404,-0.21784044367425173,0.4554870367245758,1.123313372067679,1.163991422494616,-0.7795191831567472,-0.4131938007684567,-0.09417333469769222,0.5899911715798334,-0.1309045582008993,-0.0981402024015693,0.5539516113073808,-0.40375848036924716,-0.20103098990341356,-0.20103093969795127,-0.2029146953181594,-0.20453376605969267,0.16036387434460606,-0.0823791392294482,0.3856482137206445,-0.1918567185490318,0.2591338574087755,-1.0160338717215103,-0.9643045261352398,-0.1510606925301985,-0.4686874518460236,HPV.fasta,1
AU-282-283,CUGUUCUAAGGCUAGCUACAACGAGUUGUUCCA,-0.136376057581901,-0.45892379895749286,0.19694291955782012,-0.2945875891837389,-0.5126148521566632,0.021628164611733006,-0.16684765563844478,1.0342331344534579,0.3567560374874221,-0.09912558046255728,-0.3425183084959735,0.20725257809272696,-0.33064089159175913,-0.5240409548193303,-0.005585448896948455,-0.13266237872007747,1.062556422155451,0.4608266415422119,0.6702966806947321,-0.20102367508047458,-0.20102362487508357,-0.634552757277669,-0.6365149245061233,0.3252335683438506,-0.08280989830663225,0.3856482137206445,1.2393116603847842,0.2591338574087755,-0.2020446680634508,-0.244731206520656,-0.48021092184981223,-0.6592123658690675,HPV.fasta,1
AU-294-295,UUUGUUGUAGGCUAGCUACAACGAUGCUGUUCU,0.3173669196172421,-1.3614648122666295,-1.482159740875197,2.85631661587938,4.432286788231658,1.5397488496582676,-0.1669718668926655,-0.6351983030501549,-1.1550623883314932,0.37080698169102627,-1.2316815442182476,-1.4558979490836168,1.4869457036572074,4.205015354677211,1.4728705984133714,-0.1328454936557309,-0.4850390772539095,-0.9651494579869354,0.55161655240037,-0.20098447381106208,-0.20098442360605312,-0.6824372670211442,-0.6844374962476446,-2.976387739692305,14.188420399550843,-2.0594409763638546,1.4460359817863353,0.2591338574087755,0.31459681201651823,-0.6764936352303517,-0.9219632748076404,-0.8188620297020505,HPV.fasta,0
AU-331-332,GACAGUUAAGGCUAGCUACAACGAACACCUAAU,-0.6701913248750099,-0.7067718492444578,-0.4812461772744569,-0.09855190760295938,-0.37327669683627523,0.06038869274058139,-0.16683328144619908,1.0342331344534579,-1.8214966331822804,-0.6519874182903019,-0.5866926685647845,-0.46449345656067087,-0.21755848608442258,-0.39078492052544217,0.03216236507693272,-0.13264036081195404,1.062556422155451,-1.593743003901825,-0.9259510448644415,-0.20102733249194407,-0.20102728228651742,-0.5309058439663006,-0.532785625290982,-0.5117971858061606,-0.07590869225907945,0.3856482137206445,0.4336168692813026,0.2591338574087755,1.6506131854998616,0.22540054484570762,0.29775805812659917,-0.08572849599142211,HPV.fasta,0
AU-374-375,UUGUCCAGAGGCUAGCUACAACGAGUCUUUGCU,0.6643468433577631,0.4576463492735476,2.142644052538698,-0.43243219511390607,-0.5272439058019717,-0.7148218698363725,7.554609246396979,-1.4699140218019613,1.115750594123041,0.7301671762790605,0.5604661174188751,2.134468787856958,-0.4101560058765583,-0.5380314491657207,-0.7227939144006775,2.1576608040963943,-1.25883682695859,1.1767248466119475,1.916438027785537,-0.2009983822772137,-0.2009983320720692,-0.682420866288598,-0.6844210824786351,-0.8626737140609634,-0.06804176920156757,-2.0594409763638546,1.61035531418244,0.2591338574087755,-0.0069040865489643,1.0330151739928424,-0.5071039054378061,-1.0962731845591893,HPV.fasta,1
AU-447-448,UGUUCUUGAGGCUAGCUACAACGAGAUCUGCAA,-0.3469365241252938,-0.5337458518743126,0.4308012288103297,-0.2519554023622865,-0.5207538140901699,-0.20447491613987784,-0.16700919923658628,1.0342331344534579,-0.5626763929085712,-0.31719886093905636,-0.4162313228563693,0.43888914176631266,-0.30604868368892657,-0.5318246504483861,-0.22578103041125075,-0.13289999573112088,1.062556422155451,-0.40639963939592255,-0.5521086407372001,-0.20101723597577476,-0.2010171857704465,-0.6761369507365603,-0.678132172025684,-1.0740451166240974,-0.0820933012772461,0.3856482137206445,-0.6265078558548575,0.2591338574087755,-0.21957784424164428,-0.7320121809349657,0.8742598049640127,1.357960869619175,HPV.fasta,0
AU-500-501,UUCAUGCAAGGCUAGCUACAACGAGUAGGUGUA,0.30846999849568996,0.2191510556011851,0.8377146869096961,-0.4247324369909583,-0.5256749026055536,-0.2626157083331493,-0.16694163126956268,0.6168752750775547,-0.2664833951971103,0.36159261772723017,0.3255058841451135,0.8419367625583515,-0.4057144309380245,-0.536530933077587,-0.2824027513720714,-0.13280040829585515,0.675657547303111,-0.1270247301004161,1.3171033798990073,-0.20101878136090273,-0.2010187311555594,-0.6721863067708524,-0.6741783878084896,0.384417561061528,-0.08019648177359415,-1.244411246335688,1.7110671630703753,0.2591338574087755,-0.7752571904928947,2.5508453509502007,-1.0443814742458266,-1.016515069239354,HPV.fasta,0
AU-541-542,CAGUAGAGAGGCUAGCUACAACGACAGUUGUCU,0.13349721643850423,0.21447467729388398,1.1043131594575564,-0.4245086481675615,-0.5266320005110066,-0.5102524158230098,-0.16687869051815038,0.6168752750775547,1.2206522808125166,0.1803767931059138,0.3208988207475889,1.1060024451462387,-0.4055853392427203,-0.5374462535870224,-0.5235693406496417,-0.13270746407995318,0.675657547303111,1.2756701269874393,-0.00024604416841481227,-0.20103165957030236,-0.20103160936483355,-0.09031211599121221,-0.09184168223165969,0.5027855464968832,-0.0825918857783118,0.3856482137206445,-0.29256856743696674,0.2591338574087755,0.3228146160200173,1.5076774963142237,-0.9372112235683311,-0.9051077211645754,HPV.fasta,1
AU-591-592,GACCAUCUAGGCUAGCUACAACGAUUCAUCCUC,-1.6547839289934116,-0.463600177264794,-0.8881596353738233,-0.2922348947875818,0.10446689995345099,-0.5791600213854058,-0.1667008098891097,1.4515909938293612,-1.3155002620918677,-1.671710363617032,-0.3471253718934981,-0.8675410773527097,-0.3292837491593421,0.06610513210310837,-0.5906765654920959,-0.1324448981080466,1.4494552970077914,-1.1164775338553345,-0.5936466856402266,-0.20103253528854154,-0.20103248508306418,0.09776560060235126,0.09638553184490711,0.15190901824208047,-0.08245120484347991,0.3856482137206445,-0.48869164158715633,0.2591338574087755,0.0583945444160712,-0.5105619861400671,2.7749228959414056,-0.9763275567631378,HPV.fasta,1
AU-631-632,AUAUUGUAAGGCUAGCUACAACGAGGGCUCUGU,-0.842198466558345,-1.2772900027352077,-0.7618761483774682,2.021850521796878,-0.11962646330920108,0.32740566429486506,-0.16684823573493315,-0.6351983030501549,-1.7659604461113816,-0.8301317882570197,-1.1487544030628025,-0.7424573329689734,1.0055872465016569,-0.1482065388910842,0.29220286134144247,-0.13266247875600712,-0.4850390772539095,-1.5413602084089175,0.07689603922292065,-0.20103026872368718,-0.2010302185182319,-0.3003548852498237,-0.30205140835201927,0.4436015537792058,-0.0825544787268429,0.3856482137206445,-0.0010342680245230837,0.2591338574087755,-0.07546912570206912,-0.1468068772216968,-0.3297780099245673,0.29809155924390573,HPV.fasta,1
AU-756-757,GAGAACAGAGGCUAGCUACAACGAGGGGCACAC,-0.005887881132473938,-1.3754939471885335,-1.4494195775798457,3.020655813551538,3.899809214210031,1.296418867516057,-0.16673839132996462,-0.6351983030501549,-0.03199727200887039,0.03601842433978076,-1.245502734410822,-1.4234688301693148,1.5817441181196046,3.695780467065848,1.2358982106884548,-0.13252255933479112,-0.4850390772539095,0.09414707309185978,0.3973323856176988,-0.2010239326446626,-0.20102388243926905,-0.6305062787965958,-0.6324652295975068,0.15190901824208047,-0.08253424875223059,0.3856482137206445,1.0166854681061905,0.2591338574087755,-0.9376411675167539,-1.1675724596926216,0.6675215835191953,2.184420152837344,HPV.fasta,0
GU-114-115,CUUGCAGUAGGCUAGCUACAACGAACACAUUCU,0.6168965973761533,0.7054943995605127,0.6506280395076883,-0.4358815712147272,-0.5242257127548893,-0.17648120138015472,-0.1668989498372826,0.19951741570165146,0.5357059736047631,0.6810239018054831,0.8046404774876862,0.6566275116194829,-0.41214576480123466,-0.5351450004735961,-0.19851872031900394,-0.13273736065117195,0.28875867245077086,0.6296156492415804,0.6762306871094504,-0.2010148148724076,-0.20101476466710297,-0.6794985546988983,-0.6814964480288161,-0.3976566284220683,-0.042061795273386916,-2.0594409763638546,1.1757041768766145,0.2591338574087755,-0.8842515759959857,-0.6383545694806039,-0.41386712021439537,-0.4846188848218163,HPV.fasta,1
GU-129-130,UCGCAGUAAGGCUAGCUACAACGAUGUUGCUUG,0.3232982003649432,0.3267077566691131,0.8330375207246455,-0.42899315988696907,-0.5256489590784327,-0.2992228737881724,-0.1668369602859545,0.6168752750775547,-0.8958935153339649,0.3769498910002233,0.43146834228818226,0.8373040312848794,-0.4081722120439734,-0.5365061219873887,-0.3180534645696256,-0.13264675810965731,0.675657547303111,-0.7206964123533673,0.548649549193011,-0.20101857530955233,-0.20102074015620616,-0.672830511145101,-0.6651209335845515,-0.08905438067989223,-0.08270919868460226,0.3856482137206445,0.9636792318493825,0.2591338574087755,-0.10469162541086365,-0.7945982616396842,-0.19630326216078656,-0.3950317162555069,HPV.fasta,1
GU-140-141,UAUACCUCAGGCUAGCUACAACGAGUCGCAGUA,-0.3261770415083394,0.6353487249509941,0.416769730255179,-0.4351842402494504,-0.5204292126133956,-0.7212819578578473,-0.166981264229839,0.6168752750775547,0.10992853939453798,-0.2956986783568662,0.735534526524815,0.4249909479458974,-0.41174351219929817,-0.5315142178506428,-0.7290852167296578,-0.1328587934325824,0.675657547303111,0.22801421712928993,0.7711747897449404,-0.20102104792575703,-0.20102099772039164,-0.6615049250256899,-0.6634885157449903,0.18150101460091939,-0.08246346048079949,0.3856482137206445,1.6262571850594825,0.2591338574087755,0.3820711604989475,-0.4292481115036453,1.080223361035893,-0.9108327843935137,HPV.fasta,1
GU-205-206,UAUCACAUAGGCUAGCUACAACGAAGCAUAUGG,1.5392107536436916,1.3321290927388771,0.8190060221694953,-0.4381245184071902,-0.5255685464398682,0.1271429356291521,7.1969489772212185,-2.304629740553768,1.9426227127342028,1.6362462993856421,1.421986972756001,0.8234058374644646,-0.41343959999442187,-0.536429219366584,0.09717248914305998,-0.11003851378983745,-2.0326345766632703,1.9566464683952363,1.8392959443942014,-0.20101296041025407,-0.20101291020496748,-0.6807987294655343,-0.6827976562663949,0.2787318597799609,-0.07660724694658304,-2.0594409763638546,1.2340110367591033,0.2591338574087755,-1.0160338717215103,-0.9643045261352398,0.16092210738470408,-0.4686874518460236,HPV.fasta,0
GU-242-243,CUAUACUCAGGCUAGCUACAACGAUAAUUUUAG,0.6050340358807506,-0.5524513651035173,-1.30442742584329,-0.23945317768567825,2.1498865464982737,1.2942655048422322,-0.1668861430917314,0.19951741570165146,0.3690974123920663,0.6687380831870885,-0.43465957644646813,-1.2798541606916918,-0.2988368249639043,2.022242056254621,1.2338011099121282,-0.132721198179466,0.28875867245077086,0.47246726276285805,-1.062433192402958,-0.20103660480271182,-0.2010365545971948,2.128718229927323,2.128952506089002,0.15190901824208047,-0.08241192827142316,0.3856482137206445,-1.3897976579528923,0.2591338574087755,1.7258845967775172,1.960372408353891,-0.2018094338821813,-0.3955754302518779,HPV.fasta,1
GU-246-247,AUGUCUAUAGGCUAGCUACAACGAUCACUAAUU,0.6257935184977049,-0.5992151481765297,-0.80864781022797,-0.2044048529983728,-0.04781812051869406,1.1026162268718185,-0.1666231390926886,0.19951741570165146,0.12844060175150446,0.6902382657692786,-0.48073021042171554,-0.7887846457036907,-0.27861933785807086,-0.07953263569869023,1.0471591408190524,-0.13235234486590314,0.28875867245077086,0.24547514896025924,-0.6292507241285356,-0.20103129898043917,-0.20103124877497386,-0.1538843286682644,-0.15546442660356816,0.025086176704200054,-0.08262974797484529,0.3856482137206445,0.8046605230789585,0.2591338574087755,-0.09023228740618387,1.732272623524633,-0.3021573976467517,-0.8605701464990355,HPV.fasta,1
GU-351-352,UUCAGGACAGGCUAGCUACAACGAAGUGGCUUU,-1.2662850400189816,-1.3427592990374249,-1.3792620848040928,2.649274517445292,2.9434439162568555,0.3338657523163399,-0.01736084447966443,-0.6351983030501549,-1.4389140111383099,-1.269349803864617,-1.213253290628149,-1.3539778610672393,1.3675142902358408,2.781160586757403,0.2984941636704228,0.08779737582279508,-0.4850390772539095,-1.2328837460617958,2.705660880943047,4.950240200819291,4.950240200819313,-0.6824374748763864,-0.6844377042681048,2.9842858125880785,-0.08316697380249051,-2.8744707063920205,1.8382821300867145,0.2591338574087755,1.4816147925789906,0.7231410007133229,0.02271873306939101,0.1121111661518824,HPV.fasta,0
GU-353-354,UCUUCAGGAGGCUAGCUACAACGAACAGUGGCU,-1.663680850114963,-1.3006718942717137,1.8292739181403355,2.229766145378054,-0.5272101879260342,-1.4512719042844788,-0.16510187417898847,-0.21784044367425173,-1.216769262854714,-1.680924727580827,-1.1717897200504261,1.8240757925343536,1.1255225494400103,-0.5379992030776202,-1.4400023799044073,-0.1300850471922746,-0.0981402024015693,-1.0233525640901657,0.658428667865296,-0.20103608967433584,-0.20103603946882384,1.7076812907865473,1.7075808969841655,1.335588872595632,-0.08272004092520516,-1.244411246335688,0.3647087621474523,0.2591338574087755,0.2815536584895262,0.7231410007133229,0.02271873306939101,0.1121111661518824,HPV.fasta,1
GU-410-411,GUCCACCGAGGCUAGCUACAACGACCCUUAUAU,-0.581222113659492,1.7296212488594813,-0.3409311917229514,-0.4383398065830128,-0.43261995356081834,-1.0615132603221766,-0.1667115877090657,0.6168752750775547,-1.0933555138082722,-0.5598437786523447,1.8135873615456035,-0.32551151835651965,-0.4135637881248836,-0.44753783960215715,-1.060427139389275,-0.13246200675292077,0.675657547303111,-0.9069463518837051,-0.40375848036924716,-0.20102573559397852,-0.20102568538856744,-0.5908029121074266,-0.5927303038619269,-0.27083378688418785,-0.08032532208510082,0.3856482137206445,0.2586962896338362,0.2591338574087755,-1.0805159006395284,1.910863485977926,-1.1412410775990411,0.22397090878692683,HPV.fasta,1
GU-414-415,ACCGGUCCAGGCUAGCUACAACGACGACCCCUU,-1.6280931656287563,1.767032275317891,0.3559665698495266,-0.43834862602566926,-0.5188249558830121,-2.159728223972861,-0.16696106873826588,1.4515909938293612,-0.18626445831692298,-1.6440672717256448,1.8504438687258014,0.3647654413907652,-0.41356887558540495,-0.5299799870479697,-2.1299485353158896,-0.13282895688292143,1.4494552970077914,-0.0513606921662165,-0.7360628395934615,-0.20103377159664387,-0.20103372139115447,0.46922355521541687,0.46813874753547835,0.15190901824208047,-0.08235200475314654,0.3856482137206445,-1.1830733365513413,0.2591338574087755,-1.116219137863172,-1.109859668092511,0.3771017430494966,0.2372459355389035,HPV.fasta,1
GU-422-423,AUACAUCGAGGCUAGCUACAACGACGGUCCACC,-1.8416192725459997,-0.04740250791498495,-0.01820672495448848,-0.40391899490772787,-0.4963675646032724,-1.306996605138212,-0.1668924603255445,1.4515909938293612,-0.840357328263066,-1.8652120068567424,0.06290327048620335,-0.005853060486971683,-0.3937082794115256,-0.5085028625974325,-1.2994966278905185,-0.13272770218216096,1.4494552970077914,-0.66831361686046,0.12436809054066564,-0.2010263022351921,-0.2010262520297755,-0.5728979293609311,-0.5748110889676665,0.15190901824208047,-0.08265005919040462,0.3856482137206445,0.6138380725544498,0.2591338574087755,1.4546015887724804,0.1500737594990017,0.06522213585775453,0.14631042630526486,HPV.fasta,1
GU-428-429,CAAGACAUAGGCUAGCUACAACGAAUCGACCGG,-1.4827767873100761,0.6680833731021029,-1.0425061194804794,-0.4355308134313794,0.5518492951679349,-0.9043177851329609,-0.16681748553743803,1.0342331344534579,-1.383377824067411,-1.4935659936503136,0.7677839703074884,-1.0204212093772762,-0.41194343156489954,0.49395925190327195,-0.9073387827174264,-0.1326170491058067,1.062556422155451,-1.1805009505688884,-0.86661098071726,-0.20103490487907105,-0.2010348546735706,0.9632524660745779,0.9625603475448588,0.15190901824208047,-0.08233423256188295,0.3856482137206445,-0.817330306379366,0.2591338574087755,0.31188586313513966,-0.11615361920563794,-0.14017362025366467,-0.30207982484208984,HPV.fasta,0
GU-428-429,CAAGACAUAGGCUAGCUACAACGAAUCGACCGG,-1.4827767873100761,0.6680833731021029,-1.0425061194804794,-0.4355308134313794,0.5518492951679349,-0.9043177851329609,-0.16681748553743803,1.0342331344534579,-1.383377824067411,-1.4935659936503136,0.7677839703074884,-1.0204212093772762,-0.41194343156489954,0.49395925190327195,-0.9073387827174264,-0.1326170491058067,1.062556422155451,-1.1805009505688884,-0.86661098071726,-0.20103490487907105,-0.2010348546735706,0.9632524660745779,0.9625603475448588,0.15190901824208047,-0.08233423256188295,0.3856482137206445,-0.817330306379366,0.2591338574087755,0.31188586313513966,-0.11615361920563794,-0.14017362025366467,-0.30207982484208984,HPV.fasta,1
GU-458-459,GUUUCUCUAGGCUAGCUACAACGAGUGUUCUUG,-1.0675871349709911,-1.5485199445586788,-0.20997053854154601,5.866542507754465,-0.46717443652399826,0.03454834065468272,-0.1666997084400811,1.0342331344534579,-0.20477652067388916,-1.063562342006512,-1.4159640801192372,-0.19579504269931164,3.2233825718272184,-0.480584016768501,0.006997155761012187,-0.13244322834165365,1.062556422155451,-0.06882162399718554,-0.5283726150783277,-0.20103238075002874,-0.20103233054455288,0.060696691009997084,0.0592871572591337,0.18572844265218197,-0.08246851210161302,0.3856482137206445,-0.29256856743696674,0.2591338574087755,1.473911182879063,1.211370043602032,0.8002538236423732,1.4065374687973704,HPV.fasta,1
GU-515-516,CAAAUCUAAGGCUAGCUACAACGAAUAUAUUCA,1.1091928994353537,-0.42618915080638414,-1.2108841021422863,-0.31002984992683186,1.4080061826775392,1.5591291137226915,-0.16696987016327267,0.19951741570165146,1.2515057180741271,1.1908853744688477,-0.3102688647133002,-1.1871995352222575,-0.3395486984625246,1.31274482646897,1.4917445054003118,-0.13285677020590453,0.28875867245077086,1.3047716800390545,-1.0743012052323944,-0.201036707828387,-0.20103665762286899,2.2214376275053085,2.2217456036077063,0.15190901824208047,-0.08238297419366977,0.3856482137206445,-1.3526932925731265,0.2591338574087755,-0.21044371443359025,-0.5107389807731442,0.5166979791444023,-0.0052649533497250356,HPV.fasta,0
GU-54-55,CUGUGGUAAGGCUAGCUACAACGAUUUCUGGGU,-0.9370989585215646,-1.0013836826044353,0.93593517679575,0.5061596022924549,-0.5261329052479486,-0.6502209896216262,-0.16681409815804088,0.6168752750775547,-3.1913892475977876,-0.9284183372041744,-0.8769376626088431,0.9392241193012574,0.13126695031333369,-0.5369689438699744,-0.6598808911108766,-0.13261208482279616,0.675657547303111,-2.8858519593935426,1.3408394055578796,-0.2010117241021517,-0.20101167389687719,-0.6813272925324998,-0.6833266394727026,-0.17783036975640892,-0.0825526366128396,-1.244411246335688,1.6156559378081208,0.2591338574087755,1.523173505426105,1.2533571037820141,1.1702851701490329,1.1708886708049704,HPV.fasta,1
GU-699-700,GAAUGUCUAGGCUAGCUACAACGAGUGUGUGCU,-1.0438620119801862,-1.099587627057761,0.7862658588741438,0.8896288225769758,-0.5253649737712902,-0.6136138241666038,-0.16677921272550053,1.0342331344534579,-0.5565057054562492,-1.0389907047697233,-0.9736859939568625,0.7909767185501625,0.35246964932263475,-0.5362345326603983,-0.6242301779133231,-0.13256056381811077,1.062556422155451,-0.4005793287855996,-0.21387027509826725,-0.20103335949394308,-0.2010333092884577,0.32902837365396836,0.32783212891943225,0.4901032623430951,-0.0822055635415296,0.3856482137206445,0.06257321548364657,0.2591338574087755,1.1709653761572507,-0.6845087880240773,1.8105614597982385,1.500156963950293,HPV.fasta,1
GU-725-726,GCCCAUUAAGGCUAGCUACAACGAAGGUCUUCC,-1.1921440306727165,-0.1315773174464069,0.9031950135003985,-0.39221958143772917,-0.5259972140435003,-1.2208620981852174,-0.1666929924252351,0.19951741570165146,-2.0498120689181984,-1.1925634374996523,-0.020023870669241783,0.9067950003869553,-0.3869595191473528,-0.536839175596871,-1.215612596837451,-0.13243331978281844,0.28875867245077086,-1.8090944964837778,0.5160125139120613,-0.2010302172108496,-0.20103016700539483,-0.3065042666524252,-0.30820567771826884,0.7522038015213816,-0.08219676407028105,-1.244411246335688,1.3877291219038463,0.2591338574087755,0.6686388065710447,0.9990834181668669,2.101443987640621,-0.8839079534722549,HPV.fasta,0
