id2,seq2,E,ED1,ED2,Pu1,Pu2,subseqDB,hybridDB,E_hybrid,seedStart1,seedEnd1,seedStart2,seedEnd2,seedE,seedED1,seedED2,seedPu1,seedPu2,P_E
AU-13-14,AAGAACAACUUCAGAAGGCUAGCUACAACGACACCAUUA,-11.96,0.72,0.72,0.310919,0.310919,17GGCUAGCU&17GGCUAGCU,17||||||||&17||||||||,-13.4,18:19:17:20,22:23:21:24,19:18:20:17,23:22:24:21,-5.16:-5.16:-4.67:-4.67,0.29:0.42:0.65:0.41,0.42:0.29:0.41:0.65,0.6246684843179342:0.50587619325909472:0.34831584521984038:0.51415114521457461,0.50587619325909472:0.6246684843179342:0.51415114521457461:0.34831584521984038,0.796388
AU-68-69,CUGCAUCACGGUCAAAGGCUAGCUACAACGAUCAGAUUU,-12.9,3.55,3.55,0.00315115,0.00315115,1CUGCAUCACGGUCAAAGGCUAGCUACAACGAUCAG&1CUGCAUCACGGUCAAAGGCUAGCUACAACGAUCAG,1|||.|||...||....||||||||||...||||||&1|||.|||...||....||||||||||...||||||,-20,18:19:17:20,22:23:21:24,19:18:20:17,23:22:24:21,-4.6:-4.6:-3.78:-3.78,0.18:0.71:0.86:0.7,0.71:0.18:0.7:0.86,0.74672693668814361:0.31600491489568505:0.24773955449961921:0.3211740165915184,0.31600491489568505:0.74672693668814361:0.3211740165915184:0.24773955449961921,14.7086
AU-87-88,UCCAACUUACGUUGCAGGCUAGCUACAACGAGGCUGCAU,-2.1,9.51,9.51,1.98937e-07,1.98937e-07,13UGCAGGCUAGCUACAACGAGGCUGCA&13UGCAGGCUAGCUACAACGAGGCUGCA,13|||||.||||||......||.|||||&13|||||.|||||||......|.|||||,-21.12,20,24,21,25,-0.46,2.61,0.88,0.01448259412835509,0.23982928955321148,5.17822
AU-115-116,UUGGGUCAUAGCUUGAGGCUAGCUACAACGACAGCCAUC,-4.56,5.61,5.61,0.000111398,0.000111398,9UAGCUUGAGGCUA&9UAGCUUGAGGCUA,9||||||.||||||&9||||||.||||||,-15.78,10:16,14:20,16:10,20:14,-1.62:-1.62,1.85:0.5,0.5:1.85,0.049703314490408185:0.44429529732476952,0.44429529732476952:0.049703314490408185,0.794222
AU-123-124,UUAUACAUUUGGGUCAGGCUAGCUACAACGAAGCUUGAU,-2.96,8.5,8.5,1.02428e-06,1.02428e-06,13GUCAGGCUAGCUACAACGAAGCUUGAU&13GUCAGGCUAGCUACAACGAAGCUUGAU,13||||||||||||.......||||||||&13|||||||||||||.......|||||||,-19.96,20,24,21,25,-1.09,2.29,0.46,0.024340890425538556,0.47408692630526322,8.6624
AU-132-133,CUAGCCUGUUUAUACAGGCUAGCUACAACGAUUGGGUCA,-4.36,0.54,0.54,0.416376,0.416376,29CGAUUG&29CGAUUG,29||||||&29||||||,-5.44,29:30,33:34,30:29,34:33,-1.69:-1.69,0.52:0.31,0.31:0.52,0.4301090543431817:0.60472296845307305,0.60472296845307305:0.4301090543431817,0.60582
AU-136-137,AGAUCUAGCCUGUUUAGGCUAGCUACAACGAACAUUUGG,-0.73,1.28,0.17,0.125326,0.758942,11UGUUU&30GAACA,11|||||&30|||||,-2.18,11,15,30,34,-0.73,1.28,0.17,0.1253255427499714,0.75894164377911799,0.499753
AU-183-184,AAAAGCAUUGUCUGCAGGCUAGCUACAACGAAGCACUAG,-11.66,5.72,5.72,9.3189e-05,9.3189e-05,4AGCAUUGUCUGCAGGCUAGCU&4AGCAUUGUCUGCAGGCUAGCU,4|||...||||||||||..|||&4|||...||||||||||..|||,-23.1,12:13,16:17,13:12,17:16,-0.77:-0.77,2.66:2.81,2.81:2.66,0.01335406640468159:0.010469237362799389,0.010469237362799389:0.01335406640468159,138.922
AU-192-193,AGCAUAGUGAAAAGCAGGCUAGCUACAACGAUGUCUGCA,-4.84,8.63,8.63,8.29495e-07,8.29495e-07,14GCAGGCUAGCUACAACGAUGUCUGC&14GCAGGCUAGCUACAACGAUGUCUGC,14||||||||||||.......||||||&14||||||||||||.......||||||,-22.1,20:21,24:25,21:20,25:24,-4.13:-4.13,0.23:0.22,0.22:0.23,0.68853970568534617:0.69980260569904251,0.69980260569904251:0.68853970568534617,0.72829
AU-204-205,UCCAACUUUCUAAGCAGGCUAGCUACAACGAAGUGAAAA,-6.88,4.56,4.56,0.000612021,0.000612021,5ACUUUCUAAGCAGGCUAGCUACAACGAAGU&5ACUUUCUAAGCAGGCUAGCUACAACGAAGU,5|||||.......||||||||.....|||||&5|||||.......||||||||.....|||||,-16,17:20,21:24,20:17,24:21,-1.58:-1.58,0.02:3.16,3.16:0.02,0.96807023826944083:0.0059331489037627244,0.0059331489037627244:0.96807023826944083,1.49871
AU-226-227,AAUGUUGUUGAGUGCAGGCUAGCUACAACGACAUUAUCC,-4.4,4.48,4.48,0.000696849,0.000696849,17GGCUAGCU&17GGCUAGCU,17||||||||&17||||||||,-13.36,17:20,21:24,20:17,24:21,-0.39:-0.39,0.01:4.4,4.4:0.01,0.98390560434903551:0.00079343454427372828,0.00079343454427372828:0.98390560434903551,0.927572
AU-240-241,CUUGCAUUGUUGAUAAGGCUAGCUACAACGAGUUGUUGA,-9.82,1.71,1.71,0.0623788,0.0623788,17GGCUAGCU&17GGCUAGCU,17||||||||&17||||||||,-13.24,18:19:17:20,22:23:21:24,19:18:20:17,23:22:24:21,-4.28:-4.28:-3.44:-3.44,0.11:0.84:1.1:1.11,0.84:0.11:1.11:1.1,0.83654205255865199:0.25591072290631295:0.16783316175228755:0.16513198844369389,0.25591072290631295:0.83654205255865199:0.16513198844369389:0.16783316175228755,0.598099
AU-243-244,UCUCUUGCAUUGUUGAGGCUAGCUACAACGAAAUGUUGU,-12.54,7.03,7.03,1.11241e-05,1.11241e-05,7GCAUUGUUGAGGCUAGCUACAACGAAAUGU&7GCAUUGUUGAGGCUAGCUACAACGAAAUGU,7|||||||||.||||||||.||||||..|||&7|||||||||.||||||||.||||||..|||,-26.6,18:19:17:20,22:23:21:24,19:18:20:17,23:22:24:21,-3.44:-3.44:-1.16:-1.16,0.12:1.3:2.51:1.3,1.3:0.12:1.3:2.51,0.82307841378610314:0.12132392803121181:0.017033818544826766:0.12132392803121181,0.12132392803121181:0.82307841378610314:0.12132392803121181:0.017033818544826766,95.3413
AU-250-251,ACAACCAUCUCUUGCAGGCUAGCUACAACGAUGUUGAUA,-10.08,6.26,6.26,3.88016e-05,3.88016e-05,2CAACCAUCUCUUGCAGGCUAGCUACAACGAUGUUG&2CAACCAUCUCUUGCAGGCUAGCUACAACGAUGUUG,2||||.|||..|||..||||||||.|||.|||||||&2||||.|||..|||..||||||||.|||.|||||||,-22.6,18:19:17:20,22:23:21:24,19:18:20:17,23:22:24:21,-2.04:-2.04:-1.1:-1.1,0.12:2.66:1.04:2.72,2.66:0.12:2.72:1.04,0.82307841378610314:0.01335406640468159:0.18499379862798601:0.012115299018508044,0.01335406640468159:0.82307841378610314:0.012115299018508044:0.18499379862798601,26.8753
AU-259-260,CAAGGGAACACAACCAGGCUAGCUACAACGACUCUUGCA,-12.08,3.66,3.66,0.00263607,0.00263607,1CAAGGGAACACAACCAGGCUAGCUACAACGACUCUUG&1CAAGGGAACACAACCAGGCUAGCUACAACGACUCUUG,1||||||..........||||||||.......||||||&1||||||..........||||||||.......||||||,-19.4,18:19:17:20:2:32,22:23:21:24:6:36,19:18:20:17:32:2,23:22:24:21:36:6,-4.93:-4.93:-4.38:-4.38:-0.14:-0.14,0.23:0.63:0.5:0.57:2.32:0.95,0.63:0.23:0.57:0.5:0.95:2.32,0.68853970568534617:0.359804311144306:0.44429529732476952:0.39659365042262729:0.023184448218431269:0.21408008141181548,0.359804311144306:0.68853970568534617:0.39659365042262729:0.44429529732476952:0.21408008141181548:0.023184448218431269,0.770109
AU-282-283,GCUGUUGUAAGAGGUAGGCUAGCUACAACGAUAUGUUCA,-6.02,6.79,6.79,1.64203e-05,1.64203e-05,3UGUUGUAAGAGGUAGGCUAGCUACAACG&3UGUUGUAAGAGGUAGGCUAGCUACAACG,3||||||........||||||||||||||&3||||||........||||||||||||||,-19.6,18:19,22:23,19:18,23:22,-1.86:-1.86,0.95:2.16,2.16:0.95,0.21408008141181548:0.030056735880596271,0.030056735880596271:0.21408008141181548,5.33073
AU-309-310,UCUGGUAUGACAACCAGGCUAGCUACAACGAUAGUUUGG,-4.1,2.05,2.05,0.0359297,0.0359297,18GCUAGC&18GCUAGC,18||||||&18||||||,-8.2,18:19,22:23,19:18,23:22,-1.72:-1.72,1.85:1.62,1.62:1.85,0.049703314490408185:0.072186562488702657,0.072186562488702657:0.049703314490408185,0.755346
AU-318-319,GUGUUAUAGUCUGGUAGGCUAGCUACAACGAGACAACCA,-12.06,8.24,8.24,1.56182e-06,1.56182e-06,9GUCUGGUAGGCUAGCUACAACGAGAC&9GUCUGGUAGGCUAGCUACAACGAGAC,9||||.||.||||||||...||.||||&9||||.||.||||||||...||.||||,-28.54,18:19:17:20,22:23:21:24,19:18:20:17,23:22:24:21,-5.06:-5.06:-3:-3,0.21:0.37:2.34:0.37,0.37:0.21:0.37:2.34,0.71124974042813871:0.54862686496753843:0.022444174310962271:0.54862686496753843,0.54862686496753843:0.71124974042813871:0.54862686496753843:0.022444174310962271,128.217
AU-328-329,AUUUUUAUAUGUGUUAGGCUAGCUACAACGAAGUCUGGU,-3.44,0.06,0.06,0.907237,0.907237,6UAUAUGUG&6UAUAUGUG,6||||||||&6||||||||,-3.56,7:8:6:9,11:12:10:13,8:7:9:6,12:11:13:10,-0.69:-0.69:-0.47:-0.47,0.04:0.04:0.03:0.05,0.04:0.04:0.05:0.03,0.93715998622305208:0.93715998622305208:0.95248973283680904:0.92207696261652583,0.93715998622305208:0.93715998622305208:0.92207696261652583:0.95248973283680904,0.45346
AU-335-336,CACACGUAUUUUUAUAGGCUAGCUACAACGAGUGUUAUA,-10.98,1.16,1.16,0.152264,0.152264,17GGCUAGCU&17GGCUAGCU,17||||||||&17||||||||,-13.3,18:19:17:20,22:23:21:24,19:18:20:17,23:22:24:21,-4:-4:-3.44:-3.44,0.14:1.06:1.08:1.08,1.06:0.14:1.08:1.08,0.79679771614834627:0.17908699071616341:0.17336878577355347:0.17336878577355347,0.17908699071616341:0.79679771614834627:0.17336878577355347:0.17336878577355347,0.831596
AU-337-338,AUCACACGUAUUUUUAGGCUAGCUACAACGAAUGUGUUA,-11.44,5.58,5.58,0.000116954,0.000116954,4ACACGUAUUUUUAGGCUAGCUACAACGAAUGUGU&4ACACGUAUUUUUAGGCUAGCUACAACGAAUGUGU,4||||||.......||||||||.......||||||&4||||||.......||||||||.......||||||,-22.6,18:19:17:20,22:23:21:24,19:18:20:17,23:22:24:21,-2.89:-2.89:-1.27:-1.27,0.01:1.95:2.42:1.98,1.95:0.01:1.98:2.42,0.98390560434903551:0.042259046537582633:0.019712018931854845:0.040251307946520355,0.042259046537582633:0.98390560434903551:0.040251307946520355:0.019712018931854845,99.6255
AU-343-344,UGUACCAUCACACGUAGGCUAGCUACAACGAUUUUAUAU,-7.2,4.39,4.39,0.000806413,0.000806413,13CGUAGGCUAGCUACAACG&13CGUAGGCUAGCUACAACG,13|||.||||||||...|||&13|||.||||||||...|||,-15.98,18:19,22:23,19:18,23:22,-2.26:-2.26,0:2.55,2.55:0,1:0.015963413152795817,0.015963413152795817:1,20.8698
AU-352-353,AGUAAAUGUUGUACCAGGCUAGCUACAACGACACACGUA,-10.42,6.19,6.19,4.34686e-05,4.34686e-05,7UGUUGUACCAGGCUAGCUACAACGACA&7UGUUGUACCAGGCUAGCUACAACGACA,7||||||....||||||||...||||||&7||||||....||||||||...||||||,-22.8,18:19:17:20,22:23:21:24,19:18:20:17,23:22:24:21,-3.16:-3.16:-2.1:-2.1,0.71:1.37:0.16:2.3,1.37:0.71:2.3:0.16,0.31600491489568505:0.10829801663720626:0.77135615492427601:0.023949138504533174,0.10829801663720626:0.31600491489568505:0.023949138504533174:0.77135615492427601,35.665
AU-362-363,CUGAUGCAUAAGUAAAGGCUAGCUACAACGAGUUGUACC,-9.74,4.03,4.03,0.00144622,0.00144622,5UGCAUAAGUAAAGGCUAGCUACAACGAGUUGUA&5UGCAUAAGUAAAGGCUAGCUACAACGAGUUGUA,5||||...||...||||||||...||....||||&5||||...||...||||||||...||....||||,-17.8,18:19:17:20,22:23:21:24,19:18:20:17,23:22:24:21,-2.91:-2.91:-1.35:-1.35,1.37:1.18:1.53:1.97,1.18:1.37:1.97:1.53,0.10829801663720626:0.14740263624838637:0.083536341699200684:0.040909725250677001,0.14740263624838637:0.10829801663720626:0.040909725250677001:0.083536341699200684,2.73928
AU-370-371,CCACAAUGCUGAUGCAGGCUAGCUACAACGAAAGUAAAU,-8.98,1.43,1.43,0.0982519,0.0982519,17GGCUAGCU&17GGCUAGCU,17||||||||&17||||||||,-11.84,18:19:17:20,22:23:21:24,19:18:20:17,23:22:24:21,-4.03:-4.03:-2.72:-2.72,1.02:0.97:0.86:0.89,0.97:1.02:0.89:0.86,0.19109543018147937:0.2072445554210775:0.24773955449961921:0.23596938207845239,0.2072445554210775:0.19109543018147937:0.23596938207845239:0.24773955449961921,0.540677
AU-374-375,UUUCCCACAAUGCUGAGGCUAGCUACAACGAGCAUAAGU,-11.48,0.96,0.96,0.210635,0.210635,17GGCUAGCU&17GGCUAGCU,17||||||||&17||||||||,-13.4,18:19:17:20,22:23:21:24,19:18:20:17,23:22:24:21,-5.16:-5.16:-4.4:-4.4,0.44:0.41:0.91:0.41,0.41:0.44:0.41:0.91,0.48972368694316948:0.51415114521457461:0.22843493593298012:0.51415114521457461,0.51415114521457461:0.48972368694316948:0.51415114521457461:0.22843493593298012,0.593068
AU-380-381,GUUGGAUUUCCCACAAGGCUAGCUACAACGAGCUGAUGC,-2.04,4.67,4.67,0.000511981,0.000511981,20UAGCUACAACGAGCUG&20UAGCUACAACGAGCUG,20|||||......|||||&20|||||......|||||,-11.38,20:31,24:35,31:20,35:24,-0.09:-0.09,2.76:2.67,2.67:2.76,0.011353973461273164:0.013139140776415393,0.013139140776415393:0.011353973461273164,0.512408
AU-390-391,UCUACAACCUGUUGGAGGCUAGCUACAACGAUUCCCACA,-12.16,5.32,5.32,0.000178331,0.000178331,10UGUUGGAGGCUAGCUACAACG&10UGUUGGAGGCUAGCUACAACG,10|||||..||||||||.|||||&10|||||..||||||||.|||||,-22.8,18:19:17:20,22:23:21:24,19:18:20:17,23:22:24:21,-3.55:-3.55:-2.34:-2.34,0.1:1.32:1.81:1.13,1.32:0.1:1.13:1.81,0.850225924988118:0.11745008391695971:0.053036103996205355:0.15985936339859338,0.11745008391695971:0.850225924988118:0.15985936339859338:0.053036103996205355,30.2819
AU-406-407,AAUUUUACUAUCUGCAGGCUAGCUACAACGACUACAACC,-12.06,1.4,1.4,0.103153,0.103153,8CUAUCUGCAGGCUAG&8CUAUCUGCAGGCUAG,8|||||||||||.|||&8|||||||||||.|||,-14.86,12:13:11:14,16:17:15:18,13:12:14:11,17:16:18:15,-5.12:-5.12:-4.55:-4.55,0.79:1:0.71:1.13,1:0.79:1.13:0.71,0.27753726996944972:0.19739831122490537:0.31600491489568505:0.15985936339859338,0.19739831122490537:0.27753726996944972:0.15985936339859338:0.31600491489568505,3.40783
AU-412-413,UUGAACAAUUUUACUAGGCUAGCUACAACGACUGCAUCU,-10.14,1.63,1.63,0.0710248,0.0710248,17GGCUAGCU&17GGCUAGCU,17||||||||&17||||||||,-13.4,18:19:17:20,22:23:21:24,19:18:20:17,23:22:24:21,-3.2:-3.2:-2.92:-2.92,0.86:1.44:0.94:1.11,1.44:0.86:1.11:0.94,0.24773955449961921:0.096670628769415901:0.2175819310973979:0.16513198844369389,0.096670628769415901:0.24773955449961921:0.16513198844369389:0.2175819310973979,0.827193
AU-420-421,UCACUAAGUUGAACAAGGCUAGCUACAACGAUUUACUAU,-12.74,3.23,3.23,0.00529614,0.00529614,5UAAGUUGAACAAGGCUAGCUACAACGAUUUA&5UAAGUUGAACAAGGCUAGCUACAACGAUUUA,5|||||||.....||||||||....|||||||&5|||||||.....||||||||....|||||||,-19.2,18:19:17:20,22:23:21:24,19:18:20:17,23:22:24:21,-3.35:-3.35:-2.65:-2.65,0.22:1.47:1.51:1.49,1.47:0.22:1.49:1.51,0.69980260569904251:0.0920777813697473:0.086291612319921565:0.089137759749932738,0.0920777813697473:0.69980260569904251:0.089137759749932738:0.086291612319921565,24.3242
AU-438-439,GAAUUGUCCAUACUAAGGCUAGCUACAACGAUUCACUAA,-8.78,2.31,2.31,0.0235637,0.0235637,17GGCUAGCU&17GGCUAGCU,17||||||||&17||||||||,-13.4,18:19:17:20,22:23:21:24,19:18:20:17,23:22:24:21,-2.19:-2.19:-1.83:-1.83,2.18:1.58:2.08:1.59,1.58:2.18:1.59:2.08,0.029097031465530485:0.077026936222095221:0.034222705530811845:0.07578723423475521,0.077026936222095221:0.029097031465530485:0.07578723423475521:0.034222705530811845,0.867266
AU-444-445,UUAGGUGAAUUGUCCAGGCUAGCUACAACGAACUAAUUU,-12.66,3.27,3.27,0.00496333,0.00496333,4GGUGAAUUGUCCAGGCUAGCUACAACGAACU&4GGUGAAUUGUCCAGGCUAGCUACAACGAACU,4|||...||||...||||||||||||...|||&4|||...||||...||||||||||||...|||,-19.2,18:19:17:20,22:23:21:24,19:18:20:17,23:22:24:21,-3.65:-3.65:-2.49:-2.49,0.11:1.31:1.15:1.32,1.31:0.11:1.32:1.15,0.83654205255865199:0.11937129273154835:0.15475509201487742:0.11745008391695971,0.11937129273154835:0.83654205255865199:0.11745008391695971:0.15475509201487742,9.12208
AU-451-452,UGCUAAAUUAGGUGAAGGCUAGCUACAACGAUGUCCAUA,-8.82,2.09,2.09,0.0336719,0.0336719,17GGCUAGCU&17GGCUAGCU,17||||||||&17||||||||,-13,18:19:17:20,22:23:21:24,19:18:20:17,23:22:24:21,-2.32:-2.32:-2.07:-2.07,1.43:1.84:1.63:1.13,1.84:1.43:1.13:1.63,0.098251934273079405:0.050516344526050881:0.071024763391326434:0.15985936339859338,0.050516344526050881:0.098251934273079405:0.15985936339859338:0.071024763391326434,0.363243
AU-460-461,AAGAGGCCAUGCUAAAGGCUAGCUACAACGAUAGGUGAA,-0.7,2.38,0.78,0.0210338,0.282077,20UAGCU&21AGCUA,20|||||&21|||||,-3.86,20,24,21,25,-0.7,2.38,0.78,0.021033782088049176,0.28207713091854164,0.313518
AU-467-468,UUACAAUAAGAGGCCAGGCUAGCUACAACGAGCUAAAUU,-5.06,4.17,4.17,0.00115234,0.00115234,17GGCUAGCU&17GGCUAGCU,17||||||||&17||||||||,-13.4,18:19,22:23,19:18,23:22,-0.09:-0.09,2.93:2.95,2.95:2.93,0.008617003282123132:0.0083418644204934934,0.0083418644204934934:0.008617003282123132,6.15706
AU-477-478,CUUAAAGCUGUUACAAGGCUAGCUACAACGAAAGAGGCC,-0.6,1.01,3.09,0.194221,0.00664678,6AGCUG&20UAGCU,6|||||&20|||||,-4.7,6,10,20,24,-0.6,1.01,3.09,0.19422130470321952,0.0066467785186683668,0.414084
GU-10-11,AACAACUUCAGAAUCAGGCUAGCUACAACGACAUUAGCA,-7.42,2.99,2.99,0.00781766,0.00781766,17GGCUAGCU&17GGCUAGCU,17||||||||&17||||||||,-13.4,17:20:18:19,21:24:22:23,20:17:19:18,24:21:23:22,-1.24:-1.24:-0.77:-0.77,0.81:2.77:2.71:2.83,2.77:0.81:2.83:2.71,0.26867557106797529:0.011171238120176872:0.012313476989008188:0.010134957108304546,0.011171238120176872:0.26867557106797529:0.010134957108304546:0.012313476989008188,0.827415
GU-21-22,AACUUUUUAAGAACAAGGCUAGCUACAACGAUUCAGAAU,-12.38,0.51,0.51,0.437145,0.437145,17GGCUAGCU&17GGCUAGCU,17||||||||&17||||||||,-13.4,18:19:17:20,22:23:21:24,19:18:20:17,23:22:24:21,-5.76:-5.76:-5.13:-5.13,0.18:0.15:0.48:0.15,0.15:0.18:0.15:0.48,0.74672693668814361:0.78397373845086993:0.45894944370876301:0.78397373845086993,0.78397373845086993:0.74672693668814361:0.78397373845086993:0.45894944370876301,0.799052
GU-24-25,UUCAACUUUUUAAGAAGGCUAGCUACAACGAAACUUCAG,-7.78,2.67,2.67,0.0131391,0.0131391,17GGCUAGCU&17GGCUAGCU,17||||||||&17||||||||,-13.12,18:19:17:20,22:23:21:24,19:18:20:17,23:22:24:21,-4.85:-4.85:-2.5:-2.5,0.42:0.48:2.58:0.47,0.48:0.42:0.47:2.58,0.50587619325909472:0.45894944370876301:0.015204987129070091:0.46645678374035671,0.45894944370876301:0.50587619325909472:0.46645678374035671:0.015204987129070091,0.276091
GU-35-36,UCAAAGACUUCUUCAAGGCUAGCUACAACGAUUUUUAAG,-11.74,0.81,0.81,0.268676,0.268676,17GGCUAGCU&17GGCUAGCU,17||||||||&17||||||||,-13.36,18:19:17:20,22:23:21:24,19:18:20:17,23:22:24:21,-5.07:-5.07:-4.42:-4.42,0.37:0.55:0.78:0.53,0.55:0.37:0.53:0.78,0.54862686496753843:0.40967445826202975:0.28207713091854164:0.42318670904952038,0.40967445826202975:0.54862686496753843:0.42318670904952038:0.28207713091854164,0.472543
GU-54-55,AAUUCAGAUUUAGCCAGGCUAGCUACAACGAAUUCAAAG,-8.92,3.9,3.9,0.00178583,0.00178583,10UUAGCCAGGCUAG&10UUAGCCAGGCUAG,10||||||.||||||&10||||||.||||||,-16.72,11:17,15:21,17:11,21:15,-2.92:-2.92,3.69:0.2,0.2:3.69,0.0025108297588841166:0.72288412352190079,0.72288412352190079:0.0025108297588841166,0.626994
GU-76-77,UUGCAUGGCUGCAUCAGGCUAGCUACAACGAGGUCAAAU,-6.76,7.52,7.52,5.02322e-06,5.02322e-06,6UGGCUGCAUCAGGCUAGCUACAACGAGGUCA&6UGGCUGCAUCAGGCUAGCUACAACGAGGUCA,6|||||......||||||||.......|||||&6|||||......||||||||.......|||||,-21.8,6:32,10:36,32:6,36:10,-0.64:-0.64,3.21:0.06,0.06:3.21,0.0054708199199331019:0.90723669115953587,0.90723669115953587:0.0054708199199331019,0.71892
GU-94-95,CAUCUUUUCCAACUUAGGCUAGCUACAACGAGUUGCAUG,-10.6,4.4,4.4,0.000793435,0.000793435,10CAACUUAGGCUAGCUACAACGAGUUG&10CAACUUAGGCUAGCUACAACGAGUUG,10||||||.||||||||.....||||||&10||||||.||||||||.....||||||,-19.4,18:19:17:20,22:23:21:24,19:18:20:17,23:22:24:21,-4.74:-4.74:-3.61:-3.61,0.32:0.55:1.42:0.55,0.55:0.32:0.55:1.42,0.59499031773956368:0.40967445826202975:0.099859106238229162:0.40967445826202975,0.40967445826202975:0.59499031773956368:0.40967445826202975:0.099859106238229162,1.32005
GU-98-99,CAGCCAUCUUUUCCAAGGCUAGCUACAACGAUUACGUUG,-2.26,1.53,0.08,0.0835363,0.878269,20UAGCU&21AGCUA,20|||||&21|||||,-3.87,20,24,21,25,-2.26,1.53,0.08,0.083536341699200684,0.87826883977759107,0.37033
GU-134-135,AUCUAGCCUGUUUAUAGGCUAGCUACAACGAAUUUGGGU,-6.58,0.38,0.38,0.539797,0.539797,29CGAAUUUG&29CGAAUUUG,29||||||||&29||||||||,-7.34,29:32,33:36,32:29,36:33,-1.43:-1.43,0.13:0.24,0.24:0.13,0.80983146414286133:0.67745807524064761,0.67745807524064761:0.80983146414286133,0.727312
GU-171-172,UGCAUAGCACUAGUAAGGCUAGCUACAACGAUUUUGCCC,-4.96,6.42,6.42,2.99299e-05,2.99299e-05,2GCAUAGCACUAGUAAGGCUAGC&2GCAUAGCACUAGUAAGGCUAGC,2||.||||||||||...||||||&2||.||||||||||...||||||,-17.8,9:10,13:14,10:9,14:13,-0.99:-0.99,1.61:1.57,1.57:1.61,0.073367365903421397:0.078286916835947101,0.078286916835947101:0.073367365903421397,32.4762
GU-178-179,CAUUGUCUGCAUAGCAGGCUAGCUACAACGAUAGUAACU,-2.5,1.3,1.3,0.121324,0.121324,20UAGCUA&20UAGCUA,20||||||&20||||||,-5.1,20:21,24:25,21:20,25:24,-1.99:-1.99,1.28:1.29,1.29:1.28,0.1253255427499714:0.12330850387978151,0.12330850387978151:0.1253255427499714,0.384423
GU-215-216,GUGCAUCAUUAUCCAAGGCUAGCUACAACGAUUUCUAAG,-11.52,0.94,0.94,0.217582,0.217582,17GGCUAGCU&17GGCUAGCU,17||||||||&17||||||||,-13.4,18:19:17:20,22:23:21:24,19:18:20:17,23:22:24:21,-4.83:-4.83:-4:-4,0.66:0.76:0.42:0.65,0.76:0.66:0.65:0.42,0.34270991219537217:0.29138085209890696:0.50587619325909472:0.34831584521984038,0.29138085209890696:0.34270991219537217:0.34831584521984038:0.50587619325909472,0.741811
GU-262-263,GUUCAAGGGAACACAAGGCUAGCUACAACGACAUCUCUU,-12.6,0.4,0.4,0.522561,0.522561,17GGCUAGCU&17GGCUAGCU,17||||||||&17||||||||,-13.4,18:19:17:20,22:23:21:24,19:18:20:17,23:22:24:21,-5.98:-5.98:-5.23:-5.23,0.1:0.17:0.38:0.17,0.17:0.1:0.17:0.38,0.850225924988118:0.75894164377911799:0.53979704713800258:0.75894164377911799,0.75894164377911799:0.850225924988118:0.75894164377911799:0.53979704713800258,0.573006
GU-265-266,UAUGUUCAAGGGAACAGGCUAGCUACAACGAAACCAUCU,-11,0.39,0.39,0.531109,0.531109,17GGCUAGCU&17GGCUAGCU,17||||||||&17||||||||,-11.78,18:19:17:20,22:23:21:24,19:18:20:17,23:22:24:21,-6.01:-6.01:-4.39:-4.39,0.29:0.22:0.38:0.22,0.22:0.29:0.22:0.38,0.6246684843179342:0.69980260569904251:0.53979704713800258:0.69980260569904251,0.69980260569904251:0.6246684843179342:0.69980260569904251:0.53979704713800258,0.62522
GU-267-268,AUUAUGUUCAAGGGAAGGCUAGCUACAACGAACAACCAU,-11.2,4.3,4.3,0.000933204,0.000933204,5UGUUCAAGGGAAGGCUAGCUACAACGAACA&5UGUUCAAGGGAAGGCUAGCUACAACGAACA,5|||||...|...||||||||.|...|||||&5|||||...|...||||||||.|...|||||,-19.8,18:19:17:20,22:23:21:24,19:18:20:17,23:22:24:21,-3.93:-3.93:-3.6:-3.6,0.02:1.2:0.95:1.23,1.2:0.02:1.23:0.95,0.96807023826944083:0.14269610519451911:0.21408008141181548:0.13591657511358074,0.14269610519451911:0.96807023826944083:0.13591657511358074:0.21408008141181548,1.45918
GU-347-348,AUGUUGUACCAUCACAGGCUAGCUACAACGAGUAUUUUU,-7.3,5.62,5.62,0.000109605,0.000109605,3GUUGUACCAUCACAGGCUAGCUACAAC&3GUUGUACCAUCACAGGCUAGCUACAAC,3|||||.........|||||||||||||&3|||||.........|||||||||||||,-18.54,18:19:17:20,22:23:21:24,19:18:20:17,23:22:24:21,-3.07:-3.07:-0.75:-0.75,1.67:0.15:1.03:2.44,0.15:1.67:2.44:1.03,0.066561566281311005:0.78397373845086993:0.18801986472104737:0.019082618864132456,0.78397373845086993:0.066561566281311005:0.019082618864132456:0.18801986472104737,5.27491
GU-349-350,AAAUGUUGUACCAUCAGGCUAGCUACAACGAACGUAUUU,-8,5.5,5.5,0.000133165,0.000133165,5GUUGUACCAUCAGGCUAGCUACAAC&5GUUGUACCAUCAGGCUAGCUACAAC,5|||||.......|||||||||||||&5|||||.......|||||||||||||,-19,18:19:17:20,22:23:21:24,19:18:20:17,23:22:24:21,-3.31:-3.31:-1.17:-1.17,1.42:0.2:0.73:2.34,0.2:1.42:2.34:0.73,0.099859106238229162:0.72288412352190079:0.30591495325738022:0.022444174310962271,0.72288412352190079:0.099859106238229162:0.022444174310962271:0.30591495325738022,5.00108
GU-355-356,AUAAGUAAAUGUUGUAGGCUAGCUACAACGACAUCACAC,-7.2,9.4,9.4,2.37809e-07,2.37809e-07,9AUGUUGUAGGCUAGCUACAACGACAU&9AUGUUGUAGGCUAGCUACAACGACAU,9|||||||.||||||||...|||||||&9|||||||.||||||||...|||||||,-26,18:19,22:23,19:18,23:22,-2.29:-2.29,0:2.52,2.52:0,1:0.016759669529719572,0.016759669529719572:1,162.058
GU-383-384,CCUGUUGGAUUUCCCAGGCUAGCUACAACGAAAUGCUGA,-2.83,7.09,7.08,1.00922e-05,1.02573e-05,3UGUUGGAUUUCCCAGGCUAGCUACAACGAAAUGC&7GGAUUUCCCAGGCUAGCUACAACG,3|||||.........||||||||.....|||||.|&7|.|||||...||||||||.|||||,-17,3,7,26,30,-0.32,4.13,0,0.0012296128068073594,1,0.538503
GU-399-400,CUAUCUGCAUCUACAAGGCUAGCUACAACGACUGUUGGA,-10.62,1.39,1.39,0.10484,0.10484,17GGCUAGCU&17GGCUAGCU,17||||||||&17||||||||,-13.4,18:19:17:20,22:23:21:24,19:18:20:17,23:22:24:21,-3.99:-3.99:-3.22:-3.22,1.07:1.1:1.2:0.91,1.1:1.07:0.91:1.2,0.17620469383163689:0.16783316175228755:0.14269610519451911:0.22843493593298012,0.16783316175228755:0.17620469383163689:0.22843493593298012:0.14269610519451911,0.739786
GU-402-403,UUACUAUCUGCAUCUAGGCUAGCUACAACGAAACCUGUU,-8.56,2.22,2.22,0.0272686,0.0272686,17GGCUAGCU&17GGCUAGCU,17||||||||&17||||||||,-13,18:19:17:20,22:23:21:24,19:18:20:17,23:22:24:21,-2.72:-2.72:-2.23:-2.23,1.41:1.18:1.95:0.94,1.18:1.41:0.94:1.95,0.10149256777970811:0.14740263624838637:0.042259046537582633:0.2175819310973979,0.14740263624838637:0.10149256777970811:0.2175819310973979:0.042259046537582633,0.772328
GU-415-416,AAGUUGAACAAUUUUAGGCUAGCUACAACGAUAUCUGCA,-9.82,1.75,1.75,0.0584589,0.0584589,17GGCUAGCU&17GGCUAGCU,17||||||||&17||||||||,-13.32,18:19:17:20,22:23:21:24,19:18:20:17,23:22:24:21,-2.92:-2.92:-2.31:-2.31,0.71:1.59:1.42:1.47,1.59:0.71:1.47:1.42,0.31600491489568505:0.07578723423475521:0.099859106238229162:0.0920777813697473,0.07578723423475521:0.31600491489568505:0.0920777813697473:0.099859106238229162,0.69362
GU-423-424,AUUUCACUAAGUUGAAGGCUAGCUACAACGAAAUUUUAC,-10.36,4.28,4.28,0.000963984,0.000963984,11GUUGAAGGCUAGCUACAAC&11GUUGAAGGCUAGCUACAAC,11||||..||||||||.||||&11||||..||||||||.||||,-18.92,18:19:17:20,22:23:21:24,19:18:20:17,23:22:24:21,-2.42:-2.42:-0.51:-0.51,0.05:2.36:2.5:2.46,2.36:0.05:2.46:2.5,0.92207696261652583:0.021727537172974109:0.017312451996954061:0.018473315390605632,0.021727537172974109:0.92207696261652583:0.018473315390605632:0.017312451996954061,0.686149
GU-433-434,GUCCAUACUAAUUUCAGGCUAGCUACAACGAUAAGUUGA,-12.22,0.59,0.59,0.383931,0.383931,17GGCUAGCU&17GGCUAGCU,17||||||||&17||||||||,-13.4,18:19:17:20,22:23:21:24,19:18:20:17,23:22:24:21,-5.53:-5.53:-4.69:-4.69,0.4:0.43:0.57:0.19,0.43:0.4:0.19:0.57,0.52256145604002679:0.49773442165437909:0.39659365042262729:0.73470881792585185,0.49773442165437909:0.52256145604002679:0.73470881792585185:0.39659365042262729,0.859659
GU-442-443,AGGUGAAUUGUCCAUAGGCUAGCUACAACGAUAAUUUCA,-11.42,5.79,5.79,8.31837e-05,8.31837e-05,5GAAUUGUCCAUAGGCUAGCUACAACGAUAAUUU&5GAAUUGUCCAUAGGCUAGCUACAACGAUAAUUU,5||||||||....||||||||.....||||||||&5||||||||....||||||||.....||||||||,-23,18:19:17:20,22:23:21:24,19:18:20:17,23:22:24:21,-3.51:-3.51:-2.24:-2.24,0.02:1.4:2.08:1.42,1.4:0.02:1.42:2.08,0.96807023826944083:0.10315274893352894:0.034222705530811845:0.099859106238229162,0.10315274893352894:0.96807023826944083:0.099859106238229162:0.034222705530811845,26.4125
GU-480-481,GCCCUUAAAGCUGUUAGGCUAGCUACAACGAAAUAAGAG,-8.04,4.68,4.68,0.000503741,0.000503741,4CUUAAAGCUGUUAGGCUAGCUACAACGAAAUAAG&4CUUAAAGCUGUUAGGCUAGCUACAACGAAAUAAG,4||||....||||.||||||||..||||...||||&4||||....||||.||||||||..||||...||||,-17.4,18:19:17:20,22:23:21:24,19:18:20:17,23:22:24:21,-1.3:-1.3:-0.17:-0.17,1.33:2.35:3.1:1.63,2.35:1.33:1.63:3.1,0.11555979579716118:0.02208294888954242:0.0065398026353845869:0.071024763391326434,0.02208294888954242:0.11555979579716118:0.071024763391326434:0.0065398026353845869,6.5603
GU-507-508,UUUGAGGCUAGCUACAACGAAGCAGAAU,-10.78,2.37,2.37,0.0213778,0.0213778,2UUGAGGCUAGCUACAA&2UUGAGGCUAGCUACAA,2|||.||||||||.|||&2|||.||||||||.|||,-15.52,6:9:7:8,10:13:11:12,9:6:8:7,13:10:12:11,-2.19:-2.19:-1.94:-1.94,0.79:1.9:1.39:2.01,1.9:0.79:2.01:1.39,0.27753726996944972:0.045830281257289544:0.10484008677008817:0.03833895755231332,0.045830281257289544:0.27753726996944972:0.03833895755231332:0.10484008677008817,2.56587
