id2;seq2;E;Etotal;ED1;ED2;Pu1;Pu2;subseqDB;hybridDB;Pu2;E_dangleL;E_dangleR;E_endL;E_endR;E_init;E_loops;E_hybrid;E_norm;E_hybridNorm;E_add;seedStart1;seedEnd1;seedStart2;seedEnd2;seedE;seedED1;seedED2;seedPu1;Eall2;Zall;Zall1;Zall2;EallTotal;seedPu2;w;Eall;Eall1;P_E
AC-45-46;UAACUGUGGUGGCUAGCUACAACGAGGUCCUGAAA;-7.27;-234.35;2.94;5.9;0.00847832;6.95867e-05;37CAGGAGCGACCCAG&4CUGUGGUGGCUAGCUACAACGAGGUCCUG;37|||||||.||||||&4|||.|||.||..............|||||;6.95867e-05;-1.01;-1.1;0;0;4.1;-18.1;-16.11;-0.712082;-1.57794;0;37;41;28;32;-4.94;1.82;0.08;0.052182519954704729;-5.9;241274;7.17694e+155;14370.6;-234.71;0.87826883977759107;132695;-7.63;-221.18;0.549976
AC-60-61;UUGCAGCUCUGGCUAGCUACAACGAUGGGUCGCUC;-4.82;-231.83;3.56;4.89;0.00310043;0.000358286;53AGUUACCACAGUUAUGCA&2UGCAGCUCUGGCUAGCU;53||||||||.|||..||||&2|||||||.|||.|||||;0.000358286;-0.96;-0.61;0.5;0.5;4.1;-16.8;-13.27;-0.472109;-1.29977;0;53;57;14;18;-1.5;0.63;0.88;0.359804311144306;-5.83;4713.08;7.17694e+155;12827.7;-232.22;0.23982928955321148;2491.41;-5.21;-221.18;0.528616
GC-78-79;UAUAUCAUGUGGCUAGCUACAACGAAUAACUGUGG;-4.85;-229.97;1.01;0.21;0.194221;0.71125;69CACAG&30CUGUG;69|||||&30|||||;0.71125;-1.29;-0.38;0;0;4.1;-8.5;-6.07;-0.475048;-0.594544;0;69;73;30;34;-4.85;1.01;0.21;0.19422130470321952;-3.94;3531.12;7.17694e+155;597.512;-230.15;0.71124974042813871;2615.68;-5.03;-221.18;0.74075
AC-132-133;GUCAUAUACCGGCUAGCUACAACGAUGCAGUACAC;-4.68;-228.93;4.5;2.15;0.000674599;0.0305484;131UACUGCGACGU&22ACGAUGCAGUA;131|||||||.|||&22|||.|||||||;0.0305484;-0.47;-0.76;0.5;0.5;4.1;-15.2;-11.33;-0.458397;-1.10975;0;132:133:131;136:137:135;27:26:28;31:30:32;-2.96:-1.37:-0.34;2.05:1.8:2.03;2:2.01:1.95;0.035929736931532119:0.053903650677236174:0.03711480377266993;-3.07;5487.44;7.17694e+155;145.645;-229.55;0.038966093274444599:0.03833895755231332:0.042259046537582633;1985.15;-5.3;-221.18;0.361762
GC-135-136;AAAGUCAUAUGGCUAGCUACAACGAGCUUGCAGUA;-4.2;-232.4;2.25;1.6;0.025973;0.0745675;131UACUGC&30GCAGUA;131||||||&30||||||;0.0745675;-0.15;-1.4;0.5;0;4.1;-11.1;-8.05;-0.411382;-0.788481;0;132:131;136:135;30:31;34:35;-3.39:-0.38;2.05:2.03;1.6:1.59;0.035929736931532119:0.03711480377266993;-7.02;2600.34;7.17694e+155;88448.2;-233.04;0.074567484501688736:0.07578723423475521;911.082;-4.84;-221.18;0.35037
AC-372-373;UCUUUGCUUUGGCUAGCUACAACGACUUCAGGACA;-8.81;-232.73;0.52;2.46;0.430109;0.0184733;363AAAGCAAAGA&1UCUUUGCUUU;363||||||||||&1||||||||||;0.0184733;-0.87;-0.32;0.5;0.5;4.1;-15.7;-11.79;-0.862922;-1.15481;0;365:366:363:364:367:368;369:370:367:368:371:372;4:3:6:5:2:1;8:7:10:9:6:5;-2.43:-2.33:-2.23:-2.22:-2.15:-0.85;0.45:0.48:0.41:0.42:0.5:0.52;1.66:1.66:2.34:2.02:1.49:0.25;0.48184188016585705:0.45894944370876301:0.51415114521457461:0.50587619325909472:0.44429529732476952:0.4301090543431817;-2.74;2.65769e+06;7.17694e+155;85.2627;-233.03;0.067650357907402078:0.067650357907402078:0.022444174310962271:0.037721915200620834:0.089137759749932738:0.66655479694078379;1.61445e+06;-9.11;-221.18;0.607464
AC-418-419;AACAAGACAUGGCUAGCUACAACGACUUAUAUUAU;-6.59;-228.4;2.28;0.48;0.0247391;0.458949;421GGUCGAUGUA&18UACAACGACU;421|||||.||||&18||||.|||||;0.458949;-0.26;-0.69;0.5;0.5;4.1;-13.5;-9.35;-0.645477;-0.915814;0;421;425;23;27;-3.77;1.21;0.21;0.14039949761966689;-0.63;98247.8;7.17694e+155;2.77929;-228.89;0.71124974042813871;44023.7;-7.08;-221.18;0.448089
AC-456-457;UUACAGCUGGGGCUAGCUACAACGAAUCUGCAACA;-4.28;-229.61;0.81;0.12;0.268676;0.823078;458GUAGA&27UCUGC;458|||||&27|||||;0.823078;-1.27;-0.54;0;0.5;4.1;-8;-5.21;-0.419217;-0.510309;0;458;462;27;31;-4.28;0.81;0.12;0.26867557106797529;-4.15;1085.06;7.17694e+155;840.088;-229.63;0.82307841378610314;1037.36;-4.3;-221.18;0.956039
AC-568-569;UCAUCCUCCUGGCUAGCUACAACGACUCAUAACAG;-7.8;-230.09;3.65;1.08;0.00267919;0.173369;567GACAGCUCAGAGGA&4UCCUCCUGGCUAGC;567|..||||..|||||&4|||||..||||..|;0.173369;-1.16;-0.77;0;0.5;4.1;-15.2;-12.53;-0.763994;-1.22729;0;576;580;4;8;-5.3;0.99;0.33;0.20062728614652683;-1.11;5428.5;7.17694e+155;6.05576;-227.59;0.58541430815737006;313560;-5.3;-221.18;57.7619
GC-603-604;UGUCCGGUUCGGCUAGCUACAACGAAUUUCAUCCU;-8.57;-233.89;6.33;4.04;3.46357e-05;0.00142294;596UGGUCCAGCUGGACA&1UGUCCGGUUCGGCUA;596|||||.|||||||||&1|||||||||.|||||;0.00142294;-0.76;-0.78;0.5;0.5;4.1;-22.5;-18.94;-0.839414;-1.85513;0;606:605:603:604;610:609:607:608;1:2:4:3;5:6:8:7;-5.16:-2.87:-0.42:-0.33;0.67:2.5:3.06:3.01;0.2:0.84:2.72:2.08;0.33719420327499255:0.017312451996954061:0.0069783203844856149:0.0075680454749499819;-4.14;32019.7;7.17694e+155;826.567;-231.71;0.72288412352190079:0.25591072290631295:0.012115299018508044:0.034222705530811845;1.09372e+06;-6.39;-221.18;34.1578
AC-608-609;GGCUCUGUCCGGCUAGCUACAACGACAUCUAUUUC;-10.21;-234.77;4.79;3.31;0.0004214;0.00465143;602AGCUGGACAAGC&2GCUCUGUCCGGCU;602||||||||||||&2|||.|||||||||;0.00465143;-0.04;-1.27;0.5;0;4.1;-21.6;-18.31;-1.00005;-1.79343;0;606:603:605:604:602;610:607:609:608:606;6:9:7:8:10;10:13:11:12:14;-4.91:-3.53:-2.41:-0.99:-0.73;0.67:3.06:2.5:3.01:2.92;0.54:1.8:1.45:1.57:1.42;0.33719420327499255:0.0069783203844856149:0.017312451996954061:0.0075680454749499819:0.0087579573121999345;-3.38;3.51344e+07;7.17694e+155;240.846;-235.26;0.41637577471984782:0.053903650677236174:0.095114773422173421:0.078286916835947101:0.099859106238229162;1.56511e+07;-10.7;-221.18;0.445463
