id2;seq2;E;Etotal;ED1;ED2;Pu1;Pu2;subseqDB;hybridDB;Pu2;E_dangleL;E_dangleR;E_endL;E_endR;E_init;E_loops;E_hybrid;E_norm;E_hybridNorm;E_add;seedStart1;seedEnd1;seedStart2;seedEnd2;seedE;seedED1;seedED2;seedPu1;Eall2;Zall;Zall1;Zall2;EallTotal;seedPu2;w;Eall;Eall1;P_E;RT
AU-22-23;AGCUCUUCAACGGUAAGGCUAGCUACAACGAAGUACCGU;-13.61;-233.66;14.5;5.96;6.0601e-11;6.31316e-05;14ACGGUACUAUUACCGUUGAAGAGCU&1AGCUCUUCAACGGUAAGGCUAGCUACAACGAAGUACCGU;14||||||||.||||||||||||||||&1||||||||||||||||...............||||||||;6.31316e-05;-0.08;-0.09;0.5;0.5;4.1;-39;-34.07;-1.33814;-3.34977;0;25:24:17:33:23:26;29:28:21:37:27:30;10:11:32:2:12:9;14:15:36:6:16:13;-0.65:-0.52:-0.47:-0.37:-0.18:-0.1;3.6:3.3:1.95:6.53:0.81:3.75;1.72:2.01:1.76:0.07:2.2:1.72;0.0029056035563335041:0.0047275194960862054:0.042259046537582633:2.503759538147447e-05:0.26867557106797529:0.002277916882514921;-5.96;3.74682e+08;7.2431e+150;15839.9;-232.21;0.061374886863669799:0.03833895755231332:0.057518088127598156:0.89263526490294254:0.028167970183769511:0.061374886863669799;3.89382e+09;-12.16;-214.09;10.3923;0.616321
AU-57-58;CUAUUACUAGGUUCCAGGCUAGCUACAACGAUGUUCAAG;-17.16;-235.11;10.12;3.86;7.39393e-08;0.00190557;49CUUGAACAAUGGAACCUAGUAAUAG&1CUAUUACUAGGUUCCAGGCUAGCUACAACGAUGUUCAAG;49||||||||.||||||||||||||||&1||||||||||||||||...............||||||||;0.00190557;-0.13;-1.21;0;0;4.1;-33.9;-31.14;-1.68718;-3.06169;0;51:52:49:50:69;55:56:53:54:73;33:32:35:34:1;37:36:39:38:5;-4.34:-4.05:-2.92:-1.71:-0.23;0.76:0.69:0.75:0.79:2.4;0.2:0.2:0.05:0.17:0.1;0.29138085209890696:0.3264276727074964:0.29614716169005689:0.27753726996944972:0.020362178437685265;-3.86;1.36017e+12;7.2431e+150;524.776;-235.16;0.72288412352190079:0.72288412352190079:0.92207696261652583:0.75894164377911799:0.850225924988118;1.23568e+12;-17.21;-214.09;0.908476;0.616321
AU-70-71;AGGAAUAGGAAACCUAGGCUAGCUACAACGAUACUAGGU;-15.58;-236.61;8.23;6.72;1.58736e-06;1.83953e-05;64CUAGUAAUAGGUUUCCUAUUCCU&1AGGAAUAGGAAACCUAGGCUAG;64|||||..||||||||||||||||&1||||||||||||||||.|||||;1.83953e-05;-0.03;-0.1;0;0.5;4.1;-35;-30.53;-1.53183;-3.00172;0;81:77:82:78:76:80;85:81:86:82:80:84;2:6:1:5:7:3;6:10:5:9:11:7;-3.08:-2.65:-2.55:-1.93:-1.64:-0.74;1.64:2.63:1.7:2.39:2.77:1.63;0.02:0.02:0.01:0.02:0.02:0.02;0.069881662748290288:0.014020168348596316:0.063399208484485464:0.020695256077087946:0.011171238120176872:0.071024763391326434;-6.94;3.74585e+07;7.2431e+150;77681.3;-231.77;0.96807023826944083:0.96807023826944083:0.98390560434903551:0.96807023826944083:0.96807023826944083:0.96807023826944083;9.51808e+10;-10.74;-214.09;2540.96;0.616321
AU-81-82;AAAUCCAUGUAAGGAAGGCUAGCUACAACGAAGGAAACC;-21.11;-238.41;6.57;3.21;2.34642e-05;0.00547082;73GGUUUCCUAUUCCUUACAUGGAUUU&1AAAUCCAUGUAAGGAAGGCUAGCUACAACGAAGGAAACC;73||||||||.||||||||||||||||&1||||||||||||||||...............||||||||;0.00547082;-0.13;-0.66;0;0.5;4.1;-34.7;-30.89;-2.07554;-3.03711;0;89:87:76:92:86:83:91:82:84:85:73:75:90:88;93:91:80:96:90:87:95:86:88:89:77:79:94:92;5:7:32:2:8:11:3:12:10:9:35:33:4:6;9:11:36:6:12:15:7:16:14:13:39:37:8:10;-2.18:-1.94:-1.73:-1.5:-1.37:-1.23:-1.23:-1.22:-1.01:-0.86:-0.65:-0.62:-0.55:-0.07;2.28:0.27:2.77:1.87:0.27:1.65:1.86:1.7:1.46:1.46:1.86:2.99:2.27:1.84;2.35:0.35:0.56:1.53:0.36:1.6:1.53:1.7:1.9:1.46:0.38:0.55:1.9:2.32;0.024739050492189045:0.64527186109410339:0.011171238120176872:0.048116299501510397:0.64527186109410339:0.068756959619272029:0.048903369681835236:0.063399208484485464:0.093583958626465111:0.093583958626465111:0.048903369681835236:0.00781766154538425:0.025143723526767289:0.050516344526050881;-3.21;9.87933e+14;7.2431e+150;182.788;-238.57;0.02208294888954242:0.56672216878424508:0.40308099544266607:0.083536341699200684:0.55760111797565881:0.074567484501688736:0.083536341699200684:0.063399208484485464:0.045830281257289544:0.093583958626465111:0.53979704713800258:0.40967445826202975:0.045830281257289544:0.023184448218431269;7.50413e+14;-21.27;-214.09;0.759579;0.616321
AU-90-91;GUAGAAGACAAAUCCAGGCUAGCUACAACGAGUAAGGAA;-22.96;-240.67;5.54;3.62;0.000124797;0.00281283;82UUCCUUACAUGGAUUUGUCUUCUAC&1GUAGAAGACAAAUCCAGGCUAGCUACAACGAGUAAGGAA;82||||||||.||||||||||||||||&1||||||||||||||||...............||||||||;0.00281283;-0.28;-1.64;0.5;0;4.1;-34.8;-32.12;-2.25743;-3.15805;0;97:98:96:102:99:83:85:100:92:91:84:82:101:95;101:102:100:106:103:87:89:104:96:95:88:86:105:99;6:5:7:1:4:34:32:3:11:12:33:35:2:8;10:9:11:5:8:38:36:7:15:16:37:39:6:12;-4.44:-4.23:-4.06:-3.92:-3.15:-2.79:-2.58:-2.57:-2.41:-2.29:-2.21:-2.1:-1.01:-0.86;0.56:0.57:0.58:1.82:0.4:1.65:1.46:0.71:1.87:1.86:1.46:1.7:1.57:0.58;0.28:0.28:0.27:0.31:0.31:0.74:0.75:0.24:0.62:0.62:0.76:0.73:0.31:0.25;0.40308099544266607:0.39659365042262729:0.39021071530006524:0.052182519954704729:0.52256145604002679:0.068756959619272029:0.093583958626465111:0.31600491489568505:0.048116299501510397:0.048903369681835236:0.093583958626465111:0.063399208484485464:0.078286916835947101:0.39021071530006524;-3.62;2.63619e+16;7.2431e+150;355.514;-241.01;0.63488660045922063:0.63488660045922063:0.64527186109410339:0.60472296845307305:0.60472296845307305:0.30099143696410963:0.29614716169005689:0.67745807524064761:0.36568986857469638:0.36568986857469638:0.29138085209890696:0.30591495325738022:0.60472296845307305:0.66655479694078379;1.50978e+16;-23.3;-214.09;0.572714;0.616321
AU-94-95;AAUUGUAGAAGACAAAGGCUAGCUACAACGACCAUGUAA;-16.6;-235.29;4.66;4.6;0.000520356;0.000573561;86UUACAUGGAUUUGUCUUCUACAAUU&1AAUUGUAGAAGACAAAGGCUAGCUACAACGACCAUGUAA;86||||||||.||||||||||||||||&1||||||||||||||||...............||||||||;0.000573561;-0.06;-0.1;0.5;0.5;4.1;-30.8;-25.86;-1.63212;-2.54256;0;89:97:96:98:88:87:86:102:95:103:99;93:101:100:102:92:91:90:106:99:107:103;32:10:11:9:33:34:35:5:12:4:8;36:14:15:13:37:38:39:9:16:8:12;-4.12:-3.56:-3.2:-2.71:-2.36:-2.3:-1.67:-0.65:-0.42:-0.29:-0.1;2.28:0.56:0.58:0.57:1.84:0.27:0.27:1.82:0.58:1.83:0.4;0.06:1.16:1.16:1.16:0.06:0.06:0.06:3.31:0.41:3.31:3.23;0.024739050492189045:0.40308099544266607:0.39021071530006524:0.39659365042262729:0.050516344526050881:0.64527186109410339:0.64527186109410339:0.052182519954704729:0.39021071530006524:0.051342673832489381:0.52256145604002679;-4.6;1.84011e+12;7.2431e+150;1743.49;-236.09;0.90723669115953587:0.15226440233498856:0.15226440233498856:0.15226440233498856:0.90723669115953587:0.90723669115953587:0.90723669115953587:0.0046514329268685416:0.51415114521457461:0.0046514329268685416:0.0052961379434188407;4.9808e+11;-17.4;-214.09;0.270679;0.616321
AU-108-109;UGUUGGCAUAGGCAAAGGCUAGCUACAACGAUGUAGAAG;-17.48;-239.59;7.28;8.02;7.41481e-06;2.2318e-06;100CUUCUACAAUUUGCCUAUGCCAACA&1UGUUGGCAUAGGCAAAGGCUAGCUACAACGAUGUAGAAG;100||||||||.||||||||||||||||&1||||||||||||||||...............||||||||;2.2318e-06;-0.07;-0.41;0;0.5;4.1;-36.9;-32.78;-1.71864;-3.22294;0;102:112:111:103:110:100:117:116:118:119:101:109:113:120;106:116:115:107:114:104:121:120:122:123:105:113:117:124;33:9:10:32:11:35:4:5:3:2:34:12:8:1;37:13:14:36:15:39:8:9:7:6:38:16:12:5;-3.79:-3.5:-3.46:-3.23:-3.14:-2.17:-2.16:-1.94:-1.93:-1.51:-1.08:-0.67:-0.17:-0.11;1.82:3.13:2.93:1.83:2.9:0.71:2.6:2.58:2.46:1.14:1.57:1.57:3.07:2.11;0.24:0.93:0.78:0.24:0.8:0.22:2.1:2.07:2.12:2.09:0.24:0.7:0.92:1.95;0.052182519954704729:0.006229094864982924:0.008617003282123132:0.051342673832489381:0.0090468201231513872:0.31600491489568505:0.014719495512922664:0.015204987129070091:0.018473315390605632:0.15728652355554509:0.078286916835947101:0.078286916835947101:0.0068660085352385183:0.03259677564799577;-8.02;3.79642e+12;7.2431e+150;448070;-239.96;0.67745807524064761:0.22114106285770455:0.28207713091854164:0.67745807524064761:0.27307047533867285:0.69980260569904251:0.033129982697437929:0.034782508992266627:0.032072150243771205:0.03367191176775252:0.67745807524064761:0.3211740165915184:0.22475841369357205:0.042259046537582633;2.07681e+12;-17.85;-214.09;0.547045;0.616321
AU-116-117;CCUAUUCCUGUUGGCAGGCUAGCUACAACGAAGGCAAAU;-19.14;-239.93;6.02;3.9;5.72753e-05;0.00178583;117UGCCAACAGGAAUAGG&1CCUAUUCCUGUUGGCA;117||||||||||||||||&1||||||||||||||||;0.00178583;-0.46;-0.6;0.5;0;4.1;-32.6;-29.06;-1.88185;-2.85719;0;123:122:128:117:118:119;127:126:132:121:122:123;6:7:1:12:11:10;10:11:5:16:15:14;-1.48:-1.13:-0.9:-0.62:-0.3:-0.22;2.52:2.52:2.6:2.6:2.46:1.14;2.88:2.8:0.53:3.73:3.25:3.25;0.016759669529719572:0.016759669529719572:0.014719495512922664:0.014719495512922664:0.018473315390605632:0.15728652355554509;-6.7;4.19296e+13;7.2431e+150;52625.8;-240.12;0.0093452104666742232:0.010640489612543654:0.42318670904952038:0.0023530491822442677:0.0051270335207933039:0.0051270335207933039;3.06992e+13;-19.33;-214.09;0.73216;0.616321
AU-116-117;CCUAUUCCUGUUGGCAGGCUAGCUACAACGAAGGCAAAU;-8.16;-228.95;1.34;2.24;0.1137;0.0263979;650UUGCUUUGCUUGUA&24UACAACGAAGGCAA;650|||||||..|||||&24|||||..|||||||;0.0263979;-0.8;-0.54;0.5;0.5;4.1;-15.5;-11.74;-0.802294;-1.15428;0;650:651:652;654:655:656;33:32:31;37:36:35;-2.42:-2.21:-2;0.76:0.84:1.12;1.25:1.42:1.49;0.29138085209890696:0.25591072290631295:0.16247428888705059;-6.7;4.19296e+13;7.2431e+150;52625.8;-240.12;0.1315767912549704:0.099859106238229162:0.089137759749932738;562338;-19.33;-214.09;1.34115e-08;0.616321
AU-128-129;UAUAUACAAAAACCUAGGCUAGCUACAACGAUCCUGUUG;-16.52;-233.68;7.33;3.07;6.83703e-06;0.00686601;120CAACAGGAAUAGGUUUUUGUAUAUA&1UAUAUACAAAAACCUAGGCUAGCUACAACGAUCCUGUUG;120||||||||.||||||||||||||||&1||||||||||||||||...............||||||||;0.00686601;-0.19;-0.73;0;0.5;4.1;-30.6;-26.92;-1.62425;-2.64678;0;122:129:130:123:131:137:138:136:135;126:133:134:127:135:141:142:140:139;33:12:11:32:10:4:3:5:6;37:16:15:36:14:8:7:9:10;-2.02:-2.01:-1.99:-1.82:-1.72:-0.94:-0.9:-0.64:-0.41;2.52:2.14:2.06:2.52:1.99:2.32:2.36:2.28:2.21;2.44:0.63:0.51:2.4:0.05:0.01:0.01:0.01:0.01;0.016759669529719572:0.031048094128300893:0.035351469529720958:0.016759669529719572:0.03960348747096025:0.023184448218431269:0.021727537172974109:0.024739050492189045:0.027714623726947368;-3.07;9.24236e+09;7.2431e+150;145.645;-231.3;0.019082618864132456:0.359804311144306:0.43714463302376178:0.020362178437685265:0.92207696261652583:0.98390560434903551:0.98390560434903551:0.98390560434903551:0.98390560434903551;4.37448e+11;-14.14;-214.09;47.3308;0.616321
AU-140-141;AAUUAACUUAAUUAUAGGCUAGCUACAACGAACAAAAAC;-10.79;-225.94;4.51;1.06;0.000663741;0.179087;132GUUUUUGUAUAUAAUUAAGUUAAUU&1AAUUAACUUAAUUAUAGGCUAGCUACAACGAACAAAAAC;132||||||||.||||||||||||||||&1||||||||||||||||...............||||||||;0.179087;0;-0.06;0;0.5;4.1;-20.9;-16.36;-1.06088;-1.60852;0;147:149:148:135:146:150;151:153:152:139:150:154;6:4:5:32:7:3;10:8:9:36:11:7;-1.3:-1.21:-0.73:-0.59:-0.45:-0.4;1.3:1.36:1.33:2.21:1.28:1.36;0.43:0.42:0.41:0.02:0.43:0.38;0.12132392803121181:0.11006951902551425:0.11555979579716118:0.027714623726947368:0.1253255427499714:0.11006951902551425;-1.06;2.17977e+07;7.2431e+150;5.58388;-225.56;0.49773442165437909:0.50587619325909472:0.51415114521457461:0.96807023826944083:0.49773442165437909:0.53979704713800258;4.01092e+07;-10.41;-214.09;1.84007;0.616321
AU-142-143;AAAAUUAACUUAAUUAGGCUAGCUACAACGAAUACAAAA;-10.87;-225.78;1.67;0.69;0.0665616;0.326428;143UAAUUAAGUUAAUUUU&1AAAAUUAACUUAAUUA;143||||||||||||||||&1||||||||||||||||;0.326428;-0.64;-0.09;0.5;0.5;4.1;-17.6;-13.23;-1.06874;-1.30078;0;147:149:148:146:150;151:153:152:150:154;8:6:7:9:5;12:10:11:13:9;-1.5:-1.42:-0.95:-0.71:-0.62;1.3:1.36:1.33:1.28:1.36;0.2:0.2:0.19:0.2:0.19;0.12132392803121181:0.11006951902551425:0.11555979579716118:0.1253255427499714:0.11006951902551425;-0.82;3.7194e+07;7.2431e+150;3.78284;-225.65;0.72288412352190079:0.72288412352190079:0.73470881792585185:0.72288412352190079:0.73470881792585185;4.56685e+07;-10.74;-214.09;1.22784;0.616321
AU-142-143;AAAAUUAACUUAAUUAGGCUAGCUACAACGAAUACAAAA;-7.39;-222.3;7.04;0.68;1.09451e-05;0.331767;268UUGAUGUGGCUCAGCU&17GGCUAGCUACAACGA;268|||.|||||||.||||&17|||||||||||.|||;0.331767;-0.02;-0.69;0.5;0.5;4.1;-19.5;-15.11;-0.726587;-1.48562;0;273:272:274;277:276:278;22:23:21;26:27:25;-2.66:-0.41:-0.24;3.6:3.17:3.4;0.47:0.42:0.46;0.0029056035563335041:0.0058376584578494805:0.0040194596364592538;-0.82;3.7194e+07;7.2431e+150;3.78284;-225.65;0.46645678374035671:0.50587619325909472:0.47408692630526322;161217;-10.74;-214.09;0.0043345;0.616321
AU-145-146;AGGAAAAUUAACUUAAGGCUAGCUACAACGAUAUAUACA;-15.88;-230.43;3.92;0.46;0.00172881;0.474087;137UGUAUAUAAUUAAGUUAAUUUUCCU&1AGGAAAAUUAACUUAAGGCUAGCUACAACGAUAUAUACA;137||||||||.||||||||||||||||&1||||||||||||||||...............||||||||;0.474087;-0.2;-0.06;0.5;0.5;4.1;-25.1;-20.26;-1.56133;-1.99197;0;156:157:149:147:155:148:138:146:150:137;160:161:153:151:159:152:142:150:154:141;2:1:9:11:3:10:34:12:8:35;6:5:13:15:7:14:38:16:12:39;-4.41:-4.15:-1.46:-1.39:-1.24:-1:-0.89:-0.74:-0.65:-0.14;0.32:0.33:1.36:1.3:0.32:1.33:2.36:1.28:1.36:2.32;0.13:0.13:0.17:0.16:0.09:0.16:0.02:0.28:0.15:0.01;0.59499031773956368:0.58541430815737006:0.11006951902551425:0.12132392803121181:0.59499031773956368:0.11555979579716118:0.021727537172974109:0.1253255427499714:0.11006951902551425:0.023184448218431269;-0.46;5.81701e+11;7.2431e+150;2.10932;-231.24;0.80983146414286133:0.80983146414286133:0.75894164377911799:0.77135615492427601:0.864133633582297:0.77135615492427601:0.96807023826944083:0.63488660045922063:0.78397373845086993:0.98390560434903551;1.54863e+11;-16.69;-214.09;0.266224;0.616321
AU-154-155;AACAGCCAGAGGAAAAGGCUAGCUACAACGAUAACUUAA;-22.02;-240.54;3.72;4.42;0.00239154;0.0007681;149AGUUAAUUUUCCUCUGGCUGUU&1AACAGCCAGAGGAAAAGGCUAGCU;149|||||.||||||||||||||||&1||||||||||||||||...|||||;0.0007681;-0.96;-0.4;0.5;0.5;4.1;-33.9;-30.16;-2.16501;-2.96534;0;158:159:156:157:164:162:155:160:163:161;162:163:160:161:168:166:159:164:167:165;9:8:11:10:3:5:12:7:4:6;13:12:15:14:7:9:16:11:8:10;-5.62:-4.87:-4.56:-4.38:-2.37:-2.3:-1.18:-0.83:-0.62:-0.57;1.42:1.89:0.32:0.33:3.04:2.68:0.32:2.25:2.9:2.45;0.01:0.01:0:0:3.65:3.82:0:3.42:3.66:3.89;0.099859106238229162:0.046579957523070967:0.59499031773956368:0.58541430815737006:0.0072084856125319225:0.012927674246246043:0.59499031773956368:0.02597303639012306:0.0090468201231513872:0.018775495646076539;-4.43;1.07735e+15;7.2431e+150;1323.21;-239.85;0.98390560434903551:0.98390560434903551:1:1:0.0026791901017917748:0.0020333489398505927:1:0.0038911192479815101:0.0026360701562693901:0.0018150389695636491;3.28502e+15;-21.33;-214.09;3.04916;0.616321
AU-171-172;CUAAAGUUACUGGCCAGGCUAGCUACAACGAAACAGCCA;-18.22;-238.39;5.89;1.88;7.0725e-05;0.0473419;172UGGCCAGUAACUUUAG&1CUAAAGUUACUGGCCA;172||||||||||||||||&1||||||||||||||||;0.0473419;0;-0.39;0.5;0;4.1;-30.2;-25.99;-1.7914;-2.55534;0;173:172:174:175;177:176:178:179;11:12:10:9;15:16:14:13;-2.84:-2.48:-2.02:-0.45;2.99:4.33:4.45:3.84;1.87:1.8:1.86:1.87;0.00781766154538425:0.00088886757612024179:0.0007316077146189466:0.001968424592686078;-6.08;2.09913e+13;7.2431e+150;19244.7;-239.07;0.048116299501510397:0.053903650677236174:0.048903369681835236:0.048116299501510397;6.8999e+12;-18.9;-214.09;0.328703;0.616321
AU-171-172;CUAAAGUUACUGGCCAGGCUAGCUACAACGAAACAGCCA;-6.47;-226.64;2.05;0.07;0.0359297;0.892635;205GCUGUUU&31AAACAGC;205|||||||&31|||||||;0.892635;-0.76;-0.83;0;0.5;4.1;-11.6;-8.59;-0.636132;-0.844571;0;205:206:207;209:210:211;33:32:31;37:36:35;-4.83:-2.36:-0.8;1.69:1.46:1.21;0.07:0.06:0.04;0.064436271329535916:0.093583958626465111:0.14039949761966689;-6.08;2.09913e+13;7.2431e+150;19244.7;-239.07;0.89263526490294254:0.90723669115953587:0.93715998622305208;36235;-18.9;-214.09;1.72619e-09;0.616321
AU-217-218;CCGGUGAUCCAAUUUAGGCUAGCUACAACGAUCUGUAAA;-22.08;-240.19;3.95;2.59;0.00164667;0.0149603;214AGAAUAAAUUGGAUCACCGG&1CCGGUGAUCCAAUUUAGGCU;214||..||||||||||||||||&1||||||||||||||||..||;0.0149603;-0.59;-0.33;0.5;0;4.1;-32.3;-28.62;-2.17091;-2.81393;0;229:224:228:227:223:222:221:225:226;233:228:232:231:227:226:225:229:230;1:6:2:3:7:8:9:5:4;5:10:6:7:11:12:13:9:8;-4.03:-4.01:-3.82:-3.41:-1.89:-1.31:-1.3:-1.01:-0.76;2.49:1.42:1.57:1.51:1.4:1.36:1.32:1.25:1.31;0.46:2.04:2.02:2.03:2.01:1.96:1.95:2.24:1.98;0.017595643241008062:0.099859106238229162:0.078286916835947101:0.086291612319921565:0.10315274893352894:0.11006951902551425:0.11745008391695971:0.1315767912549704:0.11937129273154835;-4.02;2.53944e+15;7.2431e+150;680.33;-239.97;0.47408692630526322:0.036517463436244658:0.037721915200620834:0.03711480377266993:0.03833895755231332:0.041578912722774253:0.042259046537582633:0.026397894549352773:0.040251307946520355;3.6209e+15;-21.86;-214.09;1.42586;0.616321
AU-221-222;UCCACCGGUGAUCCAAGGCUAGCUACAACGAUUAUUCUG;-26.04;-243.76;5.32;3.63;0.000178331;0.00276756;213CAGAAUAAAUUGGAUCACCGGUGGA&1UCCACCGGUGAUCCAAGGCUAGCUACAACGAUUAUUCUG;213||||||||.||||||||||||||||&1||||||||||||||||...............||||||||;0.00276756;-0.5;-0.19;0;0.5;4.1;-38.9;-34.99;-2.56026;-3.44023;0;232:224:233:231:228:229:230:227:223:222:213:225:226:215;236:228:237:235:232:233:234:231:227:226:217:229:230:219;2:10:1:3:6:5:4:7:11:12:35:9:8:33;6:14:5:7:10:9:8:11:15:16:39:13:12:37;-5.29:-3.63:-3.51:-3.01:-2.92:-2.49:-2.36:-2.33:-1.83:-1.27:-1.01:-0.69:-0.36:-0.19;3.02:1.42:2.59:3.46:1.57:2.49:2.78:1.51:1.4:1.36:1.29:1.25:1.31:0.97;0.13:2.1:0.08:0.84:2.98:2.63:2.1:2.65:2.05:2.09:1.44:2.54:2.59:1.65;0.0074462423567716388:0.099859106238229162:0.014960272050347015:0.0036466012608306038:0.078286916835947101:0.017595643241008062:0.010991443793959619:0.086291612319921565:0.10315274893352894:0.11006951902551425:0.12330850387978151:0.1315767912549704:0.11937129273154835:0.2072445554210775;-3.63;3.24532e+18;7.2431e+150;361.329;-243.98;0.80983146414286133:0.033129982697437929:0.87826883977759107:0.25591072290631295:0.0079455402132367296:0.014020168348596316:0.033129982697437929:0.013572507713803309:0.035929736931532119:0.03367191176775252:0.096670628769415901:0.016224537274952728:0.014960272050347015:0.068756959619272029;2.23489e+18;-26.26;-214.09;0.688652;0.616321
AU-226-227;GCAAUUCCACCGGUGAGGCUAGCUACAACGACCAAUUUA;-25.55;-242.68;6.07;3.04;5.28122e-05;0.00720849;218UAAAUUGGAUCACCGGUGGAAUUGC&1GCAAUUCCACCGGUGAGGCUAGCUACAACGACCAAUUUA;218||||||||.||||||||||||||||&1||||||||||||||||...............||||||||;0.00720849;-0.26;-1.1;0.5;0;4.1;-37.9;-34.66;-2.51208;-3.40778;0;232:228:229:227:230:233:221:231:235:238:234:220;236:232:233:231:234:237:225:235:239:242:238:224;7:11:10:12:9:6:32:8:4:1:5:33;11:15:14:16:13:10:36:12:8:5:9:37;-4.61:-4.43:-3.92:-3.46:-3.44:-3.22:-2.8:-2.58:-2.09:-1.77:-1.42:-0.65;3.02:1.57:2.49:1.51:2.78:2.59:1.32:3.46:1.56:2.43:2.8:1.42;0.68:1.51:1.42:1.26:1.38:0.23:0.22:1.67:0.2:0.19:0.2:0.22;0.0074462423567716388:0.078286916835947101:0.017595643241008062:0.086291612319921565:0.010991443793959619:0.014960272050347015:0.11745008391695971:0.0036466012608306038:0.079567507787236078:0.019394765900086271:0.010640489612543654:0.099859106238229162;-3.04;1.19204e+17;7.2431e+150;138.725;-241.36;0.33176726635627307:0.086291612319921565:0.099859106238229162:0.12945914231802855:0.10655502550923238:0.68853970568534617:0.69980260569904251:0.066561566281311005:0.72288412352190079:0.73470881792585185:0.72288412352190079:0.69980260569904251;1.0092e+18;-24.23;-214.09;8.46614;0.616321
AU-238-239;GCCAUUGCGAUAGCAAGGCUAGCUACAACGAUCCACCGG;-22.25;-246.18;8.87;9.84;5.61948e-07;1.16461e-07;230CCGGUGGAAUUGCUAUCGCAAUGGC&1GCCAUUGCGAUAGCAAGGCUAGCUACAACGAUCCACCGG;230||||||||.||||||||||||||||&1||||||||||||||||...............||||||||;1.16461e-07;-0.48;-0.98;0;0;4.1;-43.6;-40.96;-2.18763;-4.0272;0;232:231:230:233;236:235:234:237;33:34:35:32;37:38:39:36;-5.33:-4.59:-4.01:-3.36;3.02:3.46:2.78:2.59;0.48:0.5:0.5:0.01;0.0074462423567716388:0.0036466012608306038:0.010991443793959619:0.014960272050347015;-9.84;4.91537e+15;7.2431e+150;8.58659e+06;-246.19;0.45894944370876301:0.44429529732476952:0.44429529732476952:0.98390560434903551;4.77099e+15;-22.26;-214.09;0.970628;0.616321
AU-244-245;AGACAAGCCAUUGCGAGGCUAGCUACAACGAAGCAAUUC;-20.47;-241.16;6.34;4.98;3.40783e-05;0.000309607;241GCUAUCGCAAUGGCUUGUCU&1AGACAAGCCAUUGCGAGGC;241|||.||||||||||||||||&1|||||||||||||||||||;0.000309607;-1.1;-0.09;0;0.5;4.1;-35.2;-31.79;-2.01262;-3.1256;0;245:246:256:247:252:251:253:255;249:250:260:251:256:255:257:259;12:11:1:10:5:6:4:2;16:15:5:14:9:10:8:6;-4.08:-3.72:-1.83:-1.28:-1.27:-1.18:-1:-0.27;2.01:2.03:1.91:2.79:1.46:1.74:2.25:1.93;0.04:0.04:0.11:0.04:2.84:3.61:2.82:1.64;0.03833895755231332:0.03711480377266993:0.045092670577939746:0.010814543148764285:0.093583958626465111:0.059415201349872798:0.02597303639012306:0.04365287235059153;-6.6;8.7188e+12;7.2431e+150;44743.8;-239.05;0.93715998622305208:0.93715998622305208:0.83654205255865199:0.93715998622305208:0.0099718410986979374:0.0028588396230930257:0.010300741314518646:0.069881662748290288;2.65656e+14;-18.36;-214.09;30.4693;0.616321
AU-244-245;AGACAAGCCAUUGCGAGGCUAGCUACAACGAAGCAAUUC;-11.23;-231.92;1.34;1.46;0.1137;0.093584;649AUUGCUUUGCUUGUA&24UACAACGAAGCAAU;649|||||||||.|||||&24||||||||||||||;0.093584;-0.5;-0.53;0.5;0.5;4.1;-18.1;-14.03;-1.10414;-1.37943;0;652:651:650:649:653:659;656:655:654:653:657:663;30:31:32:33:29:24;34:35:36:37:33:28;-3.16:-2.95:-2.66:-2.41:-1.55:-0.46;1.12:0.84:0.76:0.94:1.08:0.75;1.03:1.02:1.01:1.01:1.03:1.12;0.16247428888705059:0.25591072290631295:0.29138085209890696:0.2175819310973979:0.17336878577355347:0.29614716169005689;-6.6;8.7188e+12;7.2431e+150;44743.8;-239.05;0.18801986472104737:0.19109543018147937:0.19422130470321952:0.19422130470321952:0.18801986472104737:0.16247428888705059;8.19018e+07;-18.36;-214.09;9.39369e-06;0.616321
AU-250-251;CCUACAAGACAAGCCAGGCUAGCUACAACGAUGCGAUAG;-24.76;-241.14;9.09;2.29;3.93253e-07;0.0243409;242CUAUCGCAAUGGCUUGUCUUGUAGG&1CCUACAAGACAAGCCAGGCUAGCUACAACGAUGCGAUAG;242||||||||.||||||||||||||||&1||||||||||||||||...............||||||||;0.0243409;-0.14;-0.2;0;0;4.1;-39.9;-36.14;-2.43441;-3.5533;0;251:252:245:244:253:262:257:256:259:258:255:261:254:242:243;255:256:249:248:257:266:261:260:263:262:259:265:258:246:247;12:11:32:33:10:1:6:7:4:5:8:2:9:35:34;16:15:36:37:14:5:10:11:8:9:12:6:13:39:38;-3.89:-3.72:-3.66:-3.06:-2.95:-2.93:-2.58:-2.5:-2.29:-1.99:-1.38:-1:-0.93:-0.38:-0.3;1.74:1.46:2.01:2.83:2.25:3.52:1.81:1.91:1.77:1.4:1.93:2.7:2.43:2.75:3.27;0.99:0.86:0.41:0.41:0.87:0.08:0.24:0.24:0.22:0.21:0.78:0.07:0.86:0.06:0.37;0.059415201349872798:0.093583958626465111:0.03833895755231332:0.010134957108304546:0.02597303639012306:0.0033083304618541482:0.053036103996205355:0.045092670577939746:0.05659236926018555:0.10315274893352894:0.04365287235059153:0.01251489668783312:0.019394765900086271:0.01153969792537678:0.0049633285620897831;-2.29;3.06684e+17;7.2431e+150;41.0831;-241.19;0.20062728614652683:0.24773955449961921:0.51415114521457461:0.51415114521457461:0.24375233609110866:0.87826883977759107:0.67745807524064761:0.67745807524064761:0.69980260569904251:0.71124974042813871:0.28207713091854164:0.89263526490294254:0.24773955449961921:0.90723669115953587:0.54862686496753843;2.80089e+17;-24.81;-214.09;0.913284;0.616321
AU-271-272;AAGUAGCUGAGCCACAGGCUAGCUACAACGACAAGCCUA;-12.08;-240.04;11.47;13.87;8.27159e-09;1.68428e-10;263UAGGCUUGAUGUGGCUCAGCUACUU&1AAGUAGCUGAGCCACAGGCUAGCUACAACGACAAGCCUA;263||||||||.||||||||||||||||&1||||||||||||||||...............||||||||;1.68428e-10;-0.19;-0.03;0.5;0.5;4.1;-42.3;-37.42;-1.18771;-3.67915;0;264:263:265:266;268:267:269:270;34:35:33:32;38:39:37:36;-3.28:-2.89:-2.6:-2.18;3.61:3.72:3.62:3.68;0.02:0.02:0.02:0.01;0.0028588396230930257:0.0023915395662382419:0.00281282832709631:0.0025519010642746707;-13.87;8.87757e+08;7.2431e+150;5.93727e+09;-240.65;0.96807023826944083:0.96807023826944083:0.96807023826944083:0.98390560434903551;3.25275e+08;-12.69;-214.09;0.366401;0.616321
AU-289-290;AGUCUGAAAGAAGCAAGGCUAGCUACAACGAGAAGUAGC;-19.75;-242.65;4.26;8.81;0.000995779;6.19406e-07;281GCUACUUCAUUGCUUCUUUCAGACU&1AGUCUGAAAGAAGCAAGGCUAGCUACAACGAGAAGUAGC;281||||||||.||||||||||||||||&1||||||||||||||||...............||||||||;6.19406e-07;-0.1;-0.62;0;0.5;4.1;-36.7;-32.82;-1.94183;-3.22687;0;292:293:300:291:296:294:299:295:298:301:290;296:297:304:295:300:298:303:299:302:305:294;10:9:2:11:6:8:3:7:4:1:12;14:13:6:15:10:12:7:11:8:5:16;-5.44:-2.9:-2.68:-2.39:-2.1:-1.12:-1.12:-1.06:-0.89:-0.64:-0.05;1.56:1.51:1.58:1.51:0.62:1.33:1.54:0.95:1.46:1.64:1.3;0.12:0:2.74:0.12:0.11:0:2.74:0:2.73:2.74:2.67;0.079567507787236078:0.086291612319921565:0.077026936222095221:0.086291612319921565:0.36568986857469638:0.11555979579716118:0.082191874764659584:0.21408008141181548:0.093583958626465111:0.069881662748290288:0.12132392803121181;-8.81;3.88427e+13;7.2431e+150;1.61445e+06;-242.18;0.82307841378610314:1:0.011728460407552604:0.82307841378610314:0.83654205255865199:1:0.011728460407552604:1:0.011920310602674435:0.011728460407552604:0.013139140776415393;8.25976e+13;-19.28;-214.09;2.12646;0.616321
AU-325-326;GGAUUGAAUGACCACAGGCUAGCUACAACGAGGAACGCG;-28.19;-244.33;7.74;2.05;3.51527e-06;0.0359297;317CGCGUUCCAUGUGGUCAUUCAAUCC&1GGAUUGAAUGACCACAGGCUAGCUACAACGAGGAACGCG;317||||||||.||||||||||||||||&1||||||||||||||||...............||||||||;0.0359297;-0.28;-0.9;0;0;4.1;-40.9;-37.98;-2.77165;-3.73421;0;328:329:320:337:327:332:317:336:326:318:319:330:335:333:334:331;332:333:324:341:331:336:321:340:330:322:323:334:339:337:338:335;10:9:32:1:11:6:35:2:12:34:33:8:3:5:4:7;14:13:36:5:15:10:39:6:16:38:37:12:7:9:8:11;-4.87:-4.72:-3.96:-3.82:-3.79:-3.67:-3.64:-3.61:-3.5:-3.1:-2.32:-2.27:-1.82:-1.63:-1.28:-0.7;1.84:1.69:1.64:0.16:1.86:1.1:2.5:0.57:2.51:2.48:2.27:1.65:0.46:0.78:0.56:1.15;0.53:0.53:0.66:0.52:0.69:0.33:0.75:0.56:0.71:0.75:0.76:0.47:0.31:0.3:0.31:0.22;0.050516344526050881:0.064436271329535916:0.069881662748290288:0.77135615492427601:0.048903369681835236:0.16783316175228755:0.017312451996954061:0.39659365042262729:0.017033818544826766:0.017883466831810114:0.025143723526767289:0.068756959619272029:0.47408692630526322:0.28207713091854164:0.40308099544266607:0.15475509201487742;-2.05;8.26336e+19;7.2431e+150;27.8321;-244.4;0.42318670904952038:0.42318670904952038:0.34270991219537217:0.4301090543431817:0.3264276727074964:0.58541430815737006:0.29614716169005689:0.40308099544266607:0.31600491489568505:0.29614716169005689:0.29138085209890696:0.46645678374035671:0.60472296845307305:0.61461482258063305:0.60472296845307305:0.69980260569904251;7.31591e+19;-28.26;-214.09;0.885344;0.616321
AU-333-334;UAGUUUCUGGAUUGAAGGCUAGCUACAACGAGACCACAU;-21.45;-241.14;4.41;5.6;0.000780665;0.00011322;325AUGUGGUCAUUCAAUCCAGAAACUA&1UAGUUUCUGGAUUGAAGGCUAGCUACAACGAGACCACAU;325||||||||.||||||||||||||||&1||||||||||||||||...............||||||||;0.00011322;-0.06;-0.7;0.5;0.5;4.1;-35.8;-31.46;-2.10897;-3.09316;0;328:327:326:338:337:340:336:339:325:345:335;332:331:330:342:341:344:340:343:329:349:339;32:33:34:8:9:6:10:7:35:1:11;36:37:38:12:13:10:14:11:39:5:15;-4.21:-3.22:-3:-2.45:-2.31:-1.9:-1.47:-1.44:-1.15:-0.78:-0.16;1.84:1.86:2.51:0.44:0.16:1.91:0.57:1.9:2.62:0.91:0.46;1.33:1.05:0.38:1.54:1.52:3.61:2.42:3.41:0.24:0.52:1.65;0.050516344526050881:0.048903369681835236:0.017033818544826766:0.48972368694316948:0.77135615492427601:0.045092670577939746:0.39659365042262729:0.045830281257289544:0.014249505528401008:0.22843493593298012:0.47408692630526322;-5.6;2.44546e+15;7.2431e+150;8832.36;-241.52;0.11555979579716118:0.18201643523989236:0.53979704713800258:0.082191874764659584:0.084902800969885103:0.0028588396230930257:0.019712018931854845:0.0039547688627669967:0.67745807524064761:0.4301090543431817:0.068756959619272029;1.30282e+15;-21.83;-214.09;0.532749;0.616321
AU-338-339;AAUGUUAGUUUCUGGAGGCUAGCUACAACGAUGAAUGAC;-18.35;-238.8;3.48;6.36;0.00353017;3.29901e-05;330GUCAUUCAAUCCAGAAACUAACAUU&1AAUGUUAGUUUCUGGAGGCUAGCUACAACGAUGAAUGAC;330||||||||.||||||||||||||||&1||||||||||||||||...............||||||||;3.29901e-05;0;-0.09;0;0.5;4.1;-32.7;-28.19;-1.80418;-2.77165;0;340:339:332:330:333:341:331;344:343:336:334:337:345:335;11:12:33:35:32:10:34;15:16:37:39:36:14:38;-4.51:-4.45:-3.95:-2.11:-1.76:-1.07:-1.05;1.91:1.9:1.1:1.65:0.78:1.89:1.15;0.56:0.56:0.05:0.03:0.06:1.35:0.03;0.045092670577939746:0.045830281257289544:0.16783316175228755:0.068756959619272029:0.28207713091854164:0.046579957523070967:0.15475509201487742;-6.36;1.54648e+13;7.2431e+150;30312.1;-239.16;0.40308099544266607:0.40308099544266607:0.92207696261652583:0.95248973283680904:0.90723669115953587:0.11186999905172575:0.95248973283680904;8.52017e+12;-18.71;-214.09;0.550939;0.616321
AU-352-353;GGCACGUUGAGAAGAAGGCUAGCUACAACGAGUUAGUUU;-23.07;-244.91;4.23;0.57;0.00104545;0.396594;353UUCUUCUCAACGUGCC&1GGCACGUUGAGAAGAA;353||||||||||||||||&1||||||||||||||||;0.396594;-0.2;-0.47;0.5;0;4.1;-31.8;-27.87;-2.26825;-2.74019;0;357:356:364:358:355:363:354:359:360:362:361:353;361:360:368:362:359:367:358:363:364:366:365:357;8:9:1:7:10:2:11:6:5:3:4:12;12:13:5:11:14:6:15:10:9:7:8:16;-5.26:-5.01:-4.98:-4.69:-4.48:-4.27:-3.99:-3.78:-3.69:-2.87:-1.51:-1;0.14:0.37:3.76:0.15:0.41:2.94:0.4:0.13:1.8:2.58:2.08:0.6;0.13:0.11:0.13:0.13:0.12:0.13:0.13:0.11:0.15:0.14:0.14:0.47;0.79679771614834627:0.54862686496753843:0.0022412551869477161:0.78397373845086993:0.51415114521457461:0.008478317821974982:0.52256145604002679:0.80983146414286133:0.053903650677236174:0.015204987129070091:0.034222705530811845:0.3777513801358231;-7.75;4.16324e+16;7.2431e+150;289127;-245.42;0.80983146414286133:0.83654205255865199:0.80983146414286133:0.80983146414286133:0.82307841378610314:0.80983146414286133:0.80983146414286133:0.83654205255865199:0.78397373845086993:0.79679771614834627:0.79679771614834627:0.46645678374035671;1.80479e+16;-23.58;-214.09;0.433506;0.616321
AU-374-375;GGUCAGAAUAGUGCCAGGCUAGCUACAACGAGGAGUGGC;-26.89;-248.78;7.98;7.8;2.38145e-06;3.18918e-06;366GCCACUCCAUGGCACUAUUCUGACC&1GGUCAGAAUAGUGCCAGGCUAGCUACAACGAGGAGUGGC;366||||||||.||||||||||||||||&1||||||||||||||||...............||||||||;3.18918e-06;0;-1.67;0;0;4.1;-45.1;-42.67;-2.64383;-4.19533;0;386:385:376:384:383:377:369:375:381:382:378;390:389:380:388:387:381:373:379:385:386:382;1:2:11:3:4:10:32:12:6:5:9;5:6:15:7:8:14:36:16:10:9:13;-5.8:-4.91:-3.43:-3.29:-2.29:-2.09:-1.66:-1:-0.97:-0.77:-0.68;1.15:1.11:3.78:1.09:1.07:2.93:1.11:3.54:0.22:0.78:2.45;1.07:1.08:1.62:1.06:0.89:1.08:4.13:1.61:0.17:0.78:1.05;0.15475509201487742:0.16513198844369389:0.0021696924428510956:0.17057851994178658:0.17620469383163689:0.008617003282123132:0.16513198844369389:0.0032026962584811944:0.69980260569904251:0.28207713091854164:0.018775495646076539;-7.8;4.62223e+16;7.2431e+150;313560;-245.53;0.17620469383163689:0.17336878577355347:0.072186562488702657:0.17908699071616341:0.23596938207845239:0.17336878577355347:0.0012296128068073594:0.073367365903421397:0.75894164377911799:0.28207713091854164:0.18201643523989236;8.87595e+18;-23.64;-214.09;192.027;0.616321
AU-382-383;AGCGGUCUGGUCAGAAGGCUAGCUACAACGAAGUGCCAU;-24.03;-246.37;7.21;8.25;8.30665e-06;1.53668e-06;374AUGGCACUAUUCUGACCAGACCGCU&1AGCGGUCUGGUCAGAAGGCUAGCUACAACGAAGUGCCAU;374||||||||.||||||||||||||||&1||||||||||||||||...............||||||||;1.53668e-06;-0.25;-0.04;0.5;0.5;4.1;-44.3;-39.49;-2.36264;-3.88267;0;385:376:386:377:374:375:387:384:393:394:388:392:389:390:391:383;389:380:390:381:378:379:391:388:397:398:392:396:393:394:395:387;10:33:9:32:35:34:8:11:2:1:7:3:6:5:4:12;14:37:13:36:39:38:12:15:6:5:11:7:10:9:8:16;-5.15:-4.76:-4.39:-3.25:-2.9:-2.8:-2.67:-2.56:-2.55:-2.45:-1.65:-1.63:-1.57:-1.53:-1.33:-0.28;1.11:3.78:1.15:2.93:3.06:3.54:1.14:1.09:2.61:2.61:1.31:2.59:1.26:1.26:1.3:1.07;0.84:0.27:0.83:0.26:0.22:0.27:3.24:0.84:2.14:2.11:3.77:3.06:3.77:3.46:3.34:2.5;0.16513198844369389:0.0021696924428510956:0.15475509201487742:0.008617003282123132:0.0069783203844856149:0.0032026962584811944:0.15728652355554509:0.17057851994178658:0.01448259412835509:0.01448259412835509:0.11937129273154835:0.014960272050347015:0.12945914231802855:0.12945914231802855:0.12132392803121181:0.17620469383163689;-8.25;1.77498e+17;7.2431e+150;650754;-246.81;0.25591072290631295:0.64527186109410339:0.26009682410095297:0.65582700031577057:0.69980260569904251:0.64527186109410339:0.0052108998039353729:0.25591072290631295:0.031048094128300893:0.03259677564799577:0.0022051835392142014:0.0069783203844856149:0.0022051835392142014:0.0036466012608306038:0.0044304421058213575:0.017312451996954061;8.56835e+16;-24.47;-214.09;0.482729;0.616321
AU-418-419;AGGAUCACAGCUCCGAGGCUAGCUACAACGAUACGAGUU;-27.27;-245.31;5.67;3.95;0.000101064;0.00164667;410AACUCGUAAUCGGAGCUGUGAUCCU&1AGGAUCACAGCUCCGAGGCUAGCUACAACGAUACGAGUU;410||||||||.||||||||||||||||&1||||||||||||||||...............||||||||;0.00164667;-0.02;-0.07;0.5;0.5;4.1;-41.9;-36.89;-2.68119;-3.62704;0;429:412:411:421:425:413:410:420:430:428:424:427:419:426:422:423;433:416:415:425:429:417:414:424:434:432:428:431:423:430:426:427;2:33:34:10:6:32:35:11:1:3:7:4:12:5:9:8;6:37:38:14:10:36:39:15:5:7:11:8:16:9:13:12;-4.13:-4.12:-4.1:-2.73:-2.68:-2.6:-2.18:-2.03:-1.98:-1.84:-1.8:-1.57:-1.46:-1.37:-0.79:-0.62;2.32:1.55:1.5:3.4:2.02:1.56:1.22:3.41:2:2.25:2.62:2.19:3.21:1.88:3.04:3.13;0.22:0.55:0.55:2.46:1.49:0.39:0.47:2.92:0.22:0.17:1.46:0.22:1.53:1.01:2.42:2.31;0.023184448218431269:0.080869046212902668:0.087703141377076715:0.0040194596364592538:0.037721915200620834:0.079567507787236078:0.13813985255577935:0.0039547688627669967:0.038966093274444599:0.02597303639012306:0.014249505528401008:0.028628732328855686:0.0054708199199331019:0.04734189674007281:0.0072084856125319225:0.006229094864982924;-3.95;3.81754e+19;7.2431e+150;607.286;-245.82;0.69980260569904251:0.40967445826202975:0.40967445826202975:0.018473315390605632:0.089137759749932738:0.53110933989014131:0.46645678374035671:0.0087579573121999345:0.69980260569904251:0.75894164377911799:0.093583958626465111:0.69980260569904251:0.083536341699200684:0.19422130470321952:0.019712018931854845:0.02356369159394146;1.64431e+19;-27.78;-214.09;0.430726;0.616321
AU-430-431;AGAUGUCCACGAAGGAGGCUAGCUACAACGACACAGCUC;-24.35;-243.65;8.99;5.21;4.62527e-07;0.000213176;422GAGCUGUGAUCCUUCGUGGACAUCU&1AGAUGUCCACGAAGGAGGCUAGCUACAACGACACAGCUC;422||||||||.||||||||||||||||&1||||||||||||||||...............||||||||;0.000213176;0;-0.05;0;0.5;4.1;-43.1;-38.55;-2.3941;-3.79025;0;434:425:432:424:436:423:422:433:439:438:435:437;438:429:436:428:440:427:426:437:443:442:439:441;9:32:11:33:7:34:35:10:4:5:8:6;13:36:15:37:11:38:39:14:8:9:12:10;-2.66:-2.16:-1.93:-1.89:-1.83:-1.49:-1.44:-0.76:-0.73:-0.71:-0.51:-0.3;0.1:2.02:2.45:2.62:2.93:3.13:3.04:2.59:3.29:3.56:2.72:3.79;0.04:1.61:2.37:1.55:2.83:1.38:1.28:2.1:2.79:2.79:1.9:2.86;0.850225924988118:0.037721915200620834:0.018775495646076539:0.014249505528401008:0.008617003282123132:0.006229094864982924:0.0072084856125319225:0.014960272050347015:0.0048048506637117776:0.0031004349300525363:0.012115299018508044:0.0021347725542349406;-5.21;1.96393e+17;7.2431e+150;4690.95;-243.84;0.93715998622305208:0.073367365903421397:0.021377845593191214:0.080869046212902668:0.010134957108304546:0.10655502550923238:0.1253255427499714:0.033129982697437929:0.010814543148764285:0.010814543148764285:0.045830281257289544:0.0096534425884015149;1.44008e+17;-24.54;-214.09;0.733265;0.616321
AU-443-444;UCCAGCAAUACGAAGAGGCUAGCUACAACGAGUCCACGA;-25.69;-242.76;8.17;2.98;1.74967e-06;0.00794554;435UCGUGGACAUCUUCGUAUUGCUGGA&1UCCAGCAAUACGAAGAGGCUAGCUACAACGAGUCCACGA;435||||||||.||||||||||||||||&1||||||||||||||||...............||||||||;0.00794554;-0.1;-0.44;0.5;0.5;4.1;-41.4;-36.84;-2.52585;-3.62212;0;454:436:453:445:447:438:455:448:437:435:451:446:452:444:449;458:440:457:449:451:442:459:452:441:439:455:450:456:448:453;2:34:3:11:9:32:1:8:33:35:5:10:4:12:7;6:38:7:15:13:36:5:12:37:39:9:14:8:16:11;-5.43:-3.73:-3.07:-2.66:-2.59:-2.57:-2.55:-2.44:-2.13:-2:-1.86:-1.64:-1.44:-1.15:-0.49;3.94:2.93:3.72:2.58:1.67:3.56:3.61:1.63:3.79:2.72:2.24:1.84:2.44:2.33:1.64;0.21:0.88:0.2:0.53:0.28:0.89:0.2:0.28:1.02:0.5:0.19:0.27:0.19:0.36:0.24;0.0016736056200858797:0.008617003282123132:0.0023915395662382419:0.015204987129070091:0.066561566281311005:0.0031004349300525363:0.0028588396230930257:0.071024763391326434:0.0021347725542349406:0.012115299018508044:0.026397894549352773:0.050516344526050881:0.019082618864132456:0.022811308535854526:0.069881662748290288;-2.98;2.02387e+18;7.2431e+150;125.857;-243.04;0.71124974042813871:0.23982928955321148:0.72288412352190079:0.42318670904952038:0.63488660045922063:0.23596938207845239:0.72288412352190079:0.63488660045922063:0.19109543018147937:0.44429529732476952:0.73470881792585185:0.64527186109410339:0.73470881792585185:0.55760111797565881:0.67745807524064761;1.26656e+18;-25.97;-214.09;0.625812;0.616321
AU-451-452;AGAUGGUGUCCAGCAAGGCUAGCUACAACGAACGAAGAU;-24.72;-242.93;6.7;4.12;1.90021e-05;0.00124973;443AUCUUCGUAUUGCUGGACACCAUCU&1AGAUGGUGUCCAGCAAGGCUAGCUACAACGAACGAAGAU;443||||||||.||||||||||||||||&1||||||||||||||||...............||||||||;0.00124973;-0.15;-0.59;0.5;0.5;4.1;-39.9;-35.54;-2.43048;-3.4943;0;454:445:459:462:460:446:444:453:457:456:458:463:455:461:452;458:449:463:466:464:450:448:457:461:460:462:467:459:465:456;10:33:5:2:4:32:34:11:7:8:6:1:9:3:12;14:37:9:6:8:36:38:15:11:12:10:5:13:7:16;-3.22:-3.15:-2.58:-2.5:-2.14:-2.07:-1.88:-1.49:-1.38:-1.32:-1.32:-1.23:-0.59:-0.57:-0.43;3.94:2.58:1.81:2.08:0.91:1.84:2.33:3.72:2.28:2.29:2.35:1.75:3.61:1.78:2.44;1.3:0.07:2.43:1.5:2.4:0.07:0.01:0.95:2.35:2.03:2.35:0.86:2.22:1.91:0.62;0.0016736056200858797:0.015204987129070091:0.053036103996205355:0.034222705530811845:0.22843493593298012:0.050516344526050881:0.022811308535854526:0.0023915395662382419:0.024739050492189045:0.024340890425538556:0.02208294888954242:0.058458949591666226:0.0028588396230930257:0.05568154927848664:0.019082618864132456;-4.12;1.21489e+17;7.2431e+150;800.175;-242.45;0.12132392803121181:0.89263526490294254:0.019394765900086271:0.087703141377076715:0.020362178437685265:0.89263526490294254:0.98390560434903551:0.21408008141181548:0.02208294888954242:0.03711480377266993:0.02208294888954242:0.24773955449961921:0.027268573607368257:0.045092670577939746:0.36568986857469638;2.62489e+17;-24.24;-214.09;2.16059;0.616321
AU-464-465;GUCACAGCGUCCUAGAGGCUAGCUACAACGAGGUGUCCA;-29.05;-251.1;5.7;7.96;9.62626e-05;2.45999e-06;456UGGACACCAUCUAGGACGCUGUGAC&1GUCACAGCGUCCUAGAGGCUAGCUACAACGAGGUGUCCA;456||||||||.||||||||||||||||&1||||||||||||||||...............||||||||;2.45999e-06;-0.01;-1.7;0.5;0;4.1;-45.6;-42.71;-2.8562;-4.19926;0;476:459:457:470:472:469:456:473:458:474:466:468:471;480:463:461:474:476:473:460:477:462:478:470:472:475;1:32:34:7:5:8:35:4:33:3:11:9:6;5:36:38:11:9:12:39:8:37:7:15:13:10;-2.85:-2.3:-2.09:-1.79:-1.78:-1.69:-1.59:-1.35:-1.12:-1.02:-1.01:-0.77:-0.22;1.41:1.81:2.28:1.87:1.81:2.25:2.29:1.8:2.35:1.72:1.97:2.13:1.76;2.61:2.72:2.68:4.01:4.04:4.03:2.46:4:2.7:3.88:2.05:3.65:4;0.10149256777970811:0.053036103996205355:0.024739050492189045:0.048116299501510397:0.053036103996205355:0.02597303639012306:0.024340890425538556:0.053903650677236174:0.02208294888954242:0.061374886863669799:0.040909725250677001:0.031555968368370775:0.057518088127598156;-7.96;4.50016e+20;7.2431e+150;406505;-251.35;0.01448259412835509:0.012115299018508044:0.012927674246246043:0.0014939193960284121:0.0014229428864028293:0.0014462189056685642:0.018473315390605632:0.0015183564250727166:0.01251489668783312:0.0018447287641628017:0.035929736931532119:0.0026791901017917748:0.0015183564250727166;2.95307e+20;-29.3;-214.09;0.656214;0.616321
AU-481-482;UUAGGCAGGUCCUUGAGGCUAGCUACAACGAGUCACAGC;-28.05;-247.87;6.34;5.73;3.40783e-05;9.16891e-05;473GCUGUGACAUCAAGGACCUGCCUAA&1UUAGGCAGGUCCUUGAGGCUAGCUACAACGAGUCACAGC;473||||||||.||||||||||||||||&1||||||||||||||||...............||||||||;9.16891e-05;-0.26;-0.76;0;0.5;4.1;-43.7;-40.12;-2.75788;-3.94461;0;476:474:486:490:473:489:488:475:492:491:487:485:483:493:482:484;480:478:490:494:477:493:492:479:496:495:491:489:487:497:486:488;32:34:8:4:35:5:6:33:2:3:7:9:11:1:12:10;36:38:12:8:39:9:10:37:6:7:11:13:15:5:16:14;-6.07:-4.86:-4.55:-4.5:-4.25:-4.11:-3.31:-3.28:-3.27:-2.87:-2.75:-2.26:-1.97:-1.04:-0.9:-0.09;1.41:1.72:1.89:2.39:1.8:2.08:0.29:1.45:1.81:2.47:1.92:1.75:2.12:0.65:1.84:2.1;0.15:0.14:2.11:2.11:0.07:2.1:1.54:0.14:1.85:1.85:1.76:2.27:1.95:1.82:0.22:2.48;0.10149256777970811:0.061374886863669799:0.046579957523070967:0.020695256077087946:0.053903650677236174:0.034222705530811845:0.6246684843179342:0.095114773422173421:0.053036103996205355:0.018175998543724165:0.044366931296699781:0.058458949591666226:0.032072150243771205:0.34831584521984038:0.050516344526050881:0.033129982697437929;-5.73;8.05324e+19;7.2431e+150;10906.4;-248.06;0.78397373845086993:0.79679771614834627:0.03259677564799577:0.03259677564799577:0.89263526490294254:0.033129982697437929:0.082191874764659584:0.79679771614834627:0.049703314490408185:0.049703314490408185:0.057518088127598156:0.025143723526767289:0.042259046537582633:0.052182519954704729:0.69980260569904251:0.017883466831810114;5.8293e+19;-28.24;-214.09;0.723846;0.616321
AU-502-503;GAUGUAGCAACAGUGAGGCUAGCUACAACGAUUCUUUAG;-18.28;-240.34;5.44;7.97;0.00014678;2.4204e-06;494CUAAAGAAAUCACUGUUGCUACAUC&1GAUGUAGCAACAGUGAGGCUAGCUACAACGAUUCUUUAG;494||||||||.||||||||||||||||&1||||||||||||||||...............||||||||;2.4204e-06;-0.22;-1.67;0;0;4.1;-33.9;-31.69;-1.7973;-3.11577;0;504:495:496:497:503:505:494;508:499:500:501:507:509:498;11:34:33:32:12:10:35;15:38:37:36:16:14:39;-2.9:-1.89:-1.72:-1.71:-1.54:-0.77:-0.67;2.41:1.09:0.81:0.88:2.02:2.39:1.06;1.2:0.02:0.02:0.02:0.97:1.22:0.01;0.020034461481593619:0.17057851994178658:0.26867557106797529:0.23982928955321148:0.037721915200620834:0.020695256077087946:0.17908699071616341;-7.97;1.01081e+13;7.2431e+150;413155;-240.51;0.14269610519451911:0.96807023826944083:0.96807023826944083:0.96807023826944083:0.2072445554210775:0.13813985255577935:0.98390560434903551;7.6054e+12;-18.45;-214.09;0.752404;0.616321
AU-516-517;AAGAAAGCGUUCGUGAGGCUAGCUACAACGAGUAGCAAC;-22.19;-245.71;2.92;3.11;0.00875796;0.00643455;511GCUACAUCACGAACGCUUUCUU&1AAGAAAGCGUUCGUGAGGC;511|||...||||||||||||||||&1|||||||||||||||||||;0.00643455;-1.16;-0.66;0;0.5;4.1;-31;-28.22;-2.18173;-2.7746;0;517:518:520:519:523:521:524:522:528;521:522:524:523:527:525:528:526:532;12:11:9:10:6:8:5:7:1;16:15:13:14:10:12:9:11:5;-3.96:-3.81:-2.44:-1.73:-1.47:-1.34:-1.01:-0.98:-0.03;1.17:1.35:1.37:1.37:1.75:1.79:1.84:1.75:1.93;1.04:0.68:1.05:1.05:2.87:3.04:2.85:3:0;0.14981379880025161:0.11186999905172575:0.10829801663720626:0.10829801663720626:0.058458949591666226:0.054785388393940003:0.050516344526050881:0.058458949591666226:0.04365287235059153;-9.43;2.79211e+14;7.2431e+150;4.4148e+06;-244.02;0.18499379862798601:0.33176726635627307:0.18201643523989236:0.18201643523989236:0.0094980762639899109:0.0072084856125319225:0.0098113503426869447:0.0076918410074075048:1;4.32842e+15;-20.5;-214.09;15.5023;0.616321
AU-516-517;AAGAAAGCGUUCGUGAGGCUAGCUACAACGAGUAGCAAC;-4.38;-227.9;1.84;4.83;0.0505163;0.00039492;200UUGCUGCUGUU&27AACGAGUAGCAA;200|||||||||||&27|||.||||||||;0.00039492;-0.31;-0.34;0.5;0.5;4.1;-15.5;-11.05;-0.430643;-1.08644;0;202;206;32;36;-1.55;1.12;4.48;0.16247428888705059;-9.43;2.79211e+14;7.2431e+150;4.4148e+06;-244.02;0.00069684883663874886;1220.1;-20.5;-214.09;4.36981e-12;0.616321
AU-533-534;AGCUCCCAAUUUGUAAGGCUAGCUACAACGAAAGAAAGC;-17.92;-236.1;7.97;4.09;2.4204e-06;0.00131206;525GCUUUCUUAUUACAAAUUGGGAGCU&1AGCUCCCAAUUUGUAAGGCUAGCUACAACGAAAGAAAGC;525||||||||.||||||||||||||||&1||||||||||||||||...............||||||||;0.00131206;-0.25;-0.03;0;0.5;4.1;-34.3;-29.98;-1.7619;-2.94764;0;535:543:534:544:536:526:537:542:525:541:528:527;539:547:538:548:540:530:541:546:529:545:532:531;11:3:12:2:10:34:9:4:35:5:32:33;15:7:16:6:14:38:13:8:39:9:36:37;-2.75:-2.25:-1.89:-1.88:-1.81:-1.68:-1.56:-1.34:-1.21:-1.16:-0.74:-0.42;0.07:5.38:0.09:5.74:0.1:1.87:0.11:4.8:1.88:3.7:1.93:1.88;0.48:1.25:0.48:1.23:0.48:0.4:0.48:1.17:0.36:0.69:0.28:0.36;0.89263526490294254:0.00016178850760573013:0.864133633582297:9.0213452716568536e-05:0.850225924988118:0.048116299501510397:0.83654205255865199:0.00041461831072813469:0.04734189674007281:0.0024704194713324199:0.04365287235059153:0.04734189674007281;-4.09;6.56515e+12;7.2431e+150;762.159;-236.36;0.45894944370876301:0.1315767912549704:0.45894944370876301:0.13591657511358074:0.45894944370876301:0.52256145604002679:0.45894944370876301:0.14981379880025161:0.55760111797565881:0.3264276727074964:0.63488660045922063:0.55760111797565881;4.24078e+12;-18.18;-214.09;0.645953;0.616321
AU-540-541;GCUGCGAAGCUCCCAAGGCUAGCUACAACGAUUGUAAUA;-17.06;-238.09;10.47;6.94;4.19031e-08;1.28731e-05;532UAUUACAAAUUGGGAGCUUCGCAGC&1GCUGCGAAGCUCCCAAGGCUAGCUACAACGAUUGUAAUA;532||||||||.||||||||||||||||&1||||||||||||||||...............||||||||;1.28731e-05;-0.19;-0.18;0.5;0;4.1;-38.7;-34.47;-1.67734;-3.3891;0;543:552:544:533:535:551:534:541:542;547:556:548:537:539:555:538:545:546;10:1:9:34:32:2:33:12:11;14:5:13:38:36:6:37:16:15;-2.3:-2.15:-1.93:-1.79:-1.79:-1.63:-1.6:-1.48:-1.48;5.38:2.65:5.74:0.13:0.07:4.23:0.09:3.7:4.8;1.2:2.34:1.19:1.25:1.25:2.39:1.25:0.05:0.96;0.00016178850760573013:0.013572507713803309:9.0213452716568536e-05:0.80983146414286133:0.89263526490294254:0.0010454486860450218:0.864133633582297:0.0024704194713324199:0.00041461831072813469;-6.94;1.58513e+12;7.2431e+150;77681.3;-238.34;0.14269610519451911:0.022444174310962271:0.14503027990060965:0.1315767912549704:0.1315767912549704:0.020695256077087946:0.1315767912549704:0.92207696261652583:0.21063459188058303;1.05061e+12;-17.31;-214.09;0.662789;0.616321
AU-585-586;UCCUGUAGCGACUGUAGGCUAGCUACAACGAGCAGCAAA;-21.02;-244.42;5.34;3.45;0.000172637;0.00370625;586UACAGUCGCUACAGGA&1UCCUGUAGCGACUGUA;586||||||||||||||||&1||||||||||||||||;0.00370625;-0.74;-0.57;0.5;0.5;4.1;-33.6;-29.81;-2.06669;-2.93093;0;597:596:593:588:587:586:590:594:595;601:600:597:592:591:590:594:598:599;1:2:5:10:11:12:8:4:3;5:6:9:14:15:16:12:8:7;-3.14:-2.81:-2.42:-2.23:-1.16:-1.08:-1.06:-0.91:-0.29;1.09:1.47:0.83:1.9:1.87:2.06:3.72:0.82:0.86;2.01:2.19:3.27:1.65:1.65:1.63:2.41:3.16:2.21;0.17057851994178658:0.0920777813697473:0.26009682410095297:0.045830281257289544:0.048116299501510397:0.035351469529720958:0.0023915395662382419:0.26435140012545855:0.24773955449961921;-9.31;1.11917e+15;7.2431e+150;3.63373e+06;-244.75;0.03833895755231332:0.028628732328855686:0.0049633285620897831:0.068756959619272029:0.068756959619272029:0.071024763391326434:0.020034461481593619:0.0059331489037627244:0.027714623726947368;6.48457e+14;-21.35;-214.09;0.579408;0.616321
AU-585-586;UCCUGUAGCGACUGUAGGCUAGCUACAACGAGCAGCAAA;-8.8;-232.2;1.16;1.64;0.152264;0.0698817;200UUGCUGCU&31AGCAGCAA;200||||||||&31||||||||;0.0698817;-0.17;-0.43;0.5;0.5;4.1;-16.1;-11.6;-0.865219;-1.14052;0;202:201:203:200;206:205:207:204;32:33:31:34;36:37:35:38;-6.51:-4.4:-3.84:-1.95;1.12:0.86:1.14:0.63;1.52:1.51:1.64:1.34;0.16247428888705059:0.24773955449961921:0.15728652355554509:0.359804311144306;-9.31;1.11917e+15;7.2431e+150;3.63373e+06;-244.75;0.084902800969885103:0.086291612319921565:0.069881662748290288:0.11369993072225701;1.58847e+06;-21.35;-214.09;1.41932e-09;0.616321
AU-601-602;AAUUUAUAGUUGCCAAGGCUAGCUACAACGACCUGUAGC;-17.16;-239.98;3.01;2.24;0.00756805;0.0263979;598AGGAUUGGCAACUAUAAAUU&1AAUUUAUAGUUGCCAAGGCU;598||..||||||||||||||||&1||||||||||||||||..||;0.0263979;-0.78;-0.63;0.5;0.5;4.1;-26.1;-22.41;-1.68718;-2.20336;0;603:602:604:609:608:605:607:606:610:613;607:606:608:613:612:609:611:610:614:617;11:12:10:5:6:9:7:8:4:1;15:16:14:9:10:13:11:12:8:5;-3.04:-2.64:-2.23:-2.23:-1.93:-1.66:-0.87:-0.63:-0.43:-0.15;2.56:2.52:2.5:0.18:0.19:1.88:0.29:0.84:0.14:0.02;1.5:0.18:2.18:0.83:0.85:2.23:0.86:2.21:0.8:0;0.015706491665574911:0.016759669529719572:0.017312451996954061:0.74672693668814361:0.73470881792585185:0.04734189674007281:0.6246684843179342:0.25591072290631295:0.79679771614834627:0.96807023826944083;-8.73;1.3261e+12;7.2431e+150;1.41792e+06;-240.02;0.087703141377076715:0.74672693668814361:0.029097031465530485:0.26009682410095297:0.25179199448053441:0.026829702394893837:0.24773955449961921:0.027714623726947368:0.27307047533867285:1;1.23568e+12;-17.2;-214.09;0.93182;0.616321
AU-611-612;GUCUGUGUUUAAUUUAGGCUAGCUACAACGAAGUUGCCA;-18.14;-238.7;1.3;0.11;0.121324;0.836542;612UAAAUUAAACACAGAC&1GUCUGUGUUUAAUUUA;612||||||||||||||||&1||||||||||||||||;0.836542;0;-0.65;0.5;0;4.1;-23.5;-19.55;-1.78353;-1.92216;0;621:623:619:620:622:617:618:615:614:613:616;625:627:623:624:626:621:622:619:618:617:620;3:1:5:4:2:7:6:9:10:11:8;7:5:9:8:6:11:10:13:14:15:12;-6.34:-5.1:-4.67:-4.52:-4.06:-3.08:-2.27:-0.74:-0.65:-0.15:-0.03;0.49:1.26:0.02:0.1:0.51:0.02:0.03:0.02:0.01:0.02:0.02;0.1:0.1:0.1:0.1:0.1:0.03:0.04:0.04:0.04:0.1:0.03;0.45156292977792412:0.12945914231802855:0.96807023826944083:0.850225924988118:0.43714463302376178:0.96807023826944083:0.95248973283680904:0.96807023826944083:0.98390560434903551:0.96807023826944083:0.96807023826944083;-6.47;7.08066e+12;7.2431e+150;36235;-238.79;0.850225924988118:0.850225924988118:0.850225924988118:0.850225924988118:0.850225924988118:0.95248973283680904:0.93715998622305208:0.93715998622305208:0.93715998622305208:0.850225924988118:0.95248973283680904;6.05997e+12;-18.23;-214.09;0.855848;0.616321
AU-611-612;GUCUGUGUUUAAUUUAGGCUAGCUACAACGAAGUUGCCA;-4.43;-224.99;4.45;6;0.000731608;5.91644e-05;442CAUCUUCGUAUUGCUGG&19CUAGCUACAACGAAGUUG;442||.||||||...|||||&19|||||....||||||.||;5.91644e-05;-0.99;-0.89;0;0;4.1;-17.1;-14.88;-0.435559;-1.46301;0;446:445;450:449;28:29;32:33;-0.64:-0.08;1.84:2.58;1.34:2.51;0.050516344526050881:0.015204987129070091;-6.47;7.08066e+12;7.2431e+150;36235;-238.79;0.11369993072225701:0.017033818544826766;1323.21;-18.23;-214.09;1.86877e-10;0.616321
AU-615-616;AAUGGUCUGUGUUUAAGGCUAGCUACAACGAUUAUAGUU;-15.69;-235.83;1.91;4.6;0.0450927;0.000573561;616UUAAACACAGACCAUU&1AAUGGUCUGUGUUUAA;616||||||||||||||||&1||||||||||||||||;0.000573561;-0.55;-0.05;0.5;0.5;4.1;-26.7;-22.2;-1.54265;-2.18271;0;619:618:617:624:621:625:620:623;623:622:621:628:625:629:624:627;9:10:11:4:7:3:8:5;13:14:15:8:11:7:12:9;-3.28:-2.18:-1.96:-1.74:-1.72:-1.15:-1.07:-0.84;0.02:0.03:0.02:1.37:0.49:1.49:0.1:1.26;0.19:0.19:0.18:4.05:4.42:3.79:3.08:4.15;0.96807023826944083:0.95248973283680904:0.96807023826944083:0.10829801663720626:0.45156292977792412:0.089137759749932738:0.850225924988118:0.12945914231802855;-6.05;3.65478e+11;7.2431e+150;18330.4;-236.54;0.73470881792585185:0.73470881792585185:0.74672693668814361:0.001400041480600338:0.00076810036832627396:0.0021347725542349406:0.0067555042773294847:0.0011903515628651552;1.13779e+11;-16.4;-214.09;0.311315;0.616321
AU-615-616;AAUGGUCUGUGUUUAAGGCUAGCUACAACGAUUAUAGUU;-4.08;-224.22;3.16;0.88;0.00593315;0.239829;410AACUCGUAAUCG&29CGAUUAUAGUU;410||||.|||||||&29|||||||||||;0.239829;-0.03;-0.79;0.5;0;4.1;-11.9;-8.12;-0.401147;-0.798361;0;417:416;421:420;29:30;33:34;-0.85:-0.28;1.87:1.46;0.45:0.33;0.048116299501510397:0.093583958626465111;-6.05;3.65478e+11;7.2431e+150;18330.4;-236.54;0.48184188016585705:0.58541430815737006;749.892;-16.4;-214.09;2.05181e-09;0.616321
AU-629-630;GUCACUGCUACUGGAAGGCUAGCUACAACGAGGUCUGUG;-27.96;-247.18;7.61;5.13;4.34074e-06;0.000242723;621CACAGACCAUUCCAGUAGCAGUGAC&1GUCACUGCUACUGGAAGGCUAGCUACAACGAGGUCUGUG;621||||||||.||||||||||||||||&1||||||||||||||||...............||||||||;0.000242723;-0.5;-1.7;0;0;4.1;-42.6;-40.7;-2.74904;-4.00164;0;641:624:621:623:622:640:631:632:635;645:628:625:627:626:644:635:636:639;1:32:35:33:34:2:11:10:7;5:36:39:37:38:6:15:14:11;-5.59:-5.51:-5.34:-4.89:-3.69:-2.59:-1.06:-0.9:-0.1;1.36:1.37:0.49:1.26:0.51:1.24:4.09:4.54:4.47;0.34:0.45:0.44:0.47:0.47:0.34:1.12:1.22:1.43;0.11006951902551425:0.10829801663720626:0.45156292977792412:0.12945914231802855:0.43714463302376178:0.13372907997817871:0.001312062854671114:0.00063220683279051088:0.00070824765461092532;-5.13;5.18304e+19;7.2431e+150;4119.91;-247.19;0.57599241866214967:0.48184188016585705:0.48972368694316948:0.46645678374035671:0.46645678374035671:0.57599241866214967:0.16247428888705059:0.13813985255577935:0.098251934273079405;5.0373e+19;-27.97;-214.09;0.97188;0.616321
AU-647-648;UACAAGCAAAGCAAUAGGCUAGCUACAACGAUGUCACUG;-20.43;-239.09;2.82;4.57;0.0103007;0.000602171;640AGUGACAAUAUUGCUUUGCUUGUA&1UACAAGCAAAGCAAUAGGCUAGCUACAACGAUGUCACU;640|||||||.||||||||||||||||&1||||||||||||||||...............|||||||;0.000602171;0;-0.42;0.5;0.5;4.1;-32.5;-27.82;-2.00868;-2.73527;0;641:657:642:640:656:655:658:651:649:650:652:654;645:661:646:644:660:659:662:655:653:654:656:658;33:3:32:34:4:5:2:9:11:10:8:6;37:7:36:38:8:9:6:13:15:14:12:10;-5.51:-4.09:-3.37:-2.72:-2.35:-1.69:-1.62:-1.56:-1.24:-1.24:-0.88:-0.48;1.36:0.81:1.36:1.24:0.63:0.64:0.77:0.84:0.94:0.76:1.12:0.73;0.22:1.96:0.22:0.2:1.96:1.95:1.95:2.37:2.46:2.36:2.44:2.78;0.11006951902551425:0.26867557106797529:0.11006951902551425:0.13372907997817871:0.359804311144306:0.35401347820382689:0.28669125338011198:0.25591072290631295:0.2175819310973979:0.29138085209890696:0.16247428888705059:0.30591495325738022;-4.57;4.81127e+14;7.2431e+150;1660.66;-239.49;0.69980260569904251:0.041578912722774253:0.69980260569904251:0.72288412352190079:0.041578912722774253:0.042259046537582633:0.042259046537582633:0.021377845593191214:0.018473315390605632:0.021727537172974109:0.019082618864132456:0.010991443793959619;2.48962e+14;-20.83;-214.09;0.517457;0.616321
AU-649-650;UGUACAAGCAAAGCAAGGCUAGCUACAACGAAUUGUCAC;-22.41;-241.65;3;5.15;0.00769184;0.000234973;641GUGACAAUAUUGCUUUGCUUGUACA&1UGUACAAGCAAAGCAAGGCUAGCUACAACGAAUUGUCAC;641||||||||.||||||||||||||||&1||||||||||||||||...............||||||||;0.000234973;-0.2;-0.66;0;0.5;4.1;-34.3;-30.56;-2.20336;-3.00467;0;641:651:642:650:657:643:661:652:660:656:644:655:658:654;645:655:646:654:661:647:665:656:664:660:648:659:662:658;35:11:34:12:5:33:1:10:2:6:32:7:4:8;39:15:38:16:9:37:5:14:6:10:36:11:8:12;-4.81:-3.72:-3.6:-3.58:-3.43:-3.15:-3.11:-2.81:-2.28:-1.72:-1.26:-1.17:-0.91:-0.01;1.36:0.84:1.36:0.76:0.81:0.99:0.97:1.12:0.51:0.63:0.82:0.64:0.77:0.73;0.18:0.23:0.18:0.24:2.59:0.18:1.21:0.24:1.21:2.58:0.17:2.57:2.57:2.83;0.11006951902551425:0.25591072290631295:0.11006951902551425:0.29138085209890696:0.26867557106797529:0.20062728614652683:0.2072445554210775:0.16247428888705059:0.43714463302376178:0.359804311144306:0.26435140012545855:0.35401347820382689:0.28669125338011198:0.30591495325738022;-5.15;8.01693e+15;7.2431e+150;4255.8;-241.8;0.74672693668814361:0.68853970568534617:0.74672693668814361:0.67745807524064761:0.014960272050347015:0.74672693668814361:0.14039949761966689:0.67745807524064761:0.14039949761966689:0.015204987129070091:0.75894164377911799:0.015453705174420573:0.015453705174420573:0.010134957108304546;6.1852e+15;-22.56;-214.09;0.771517;0.616321
GU-17-18;UUCAACGGUAAUAGUAGGCUAGCUACAACGACGUUGGAA;-8.49;-233.58;5.1;8.32;0.000254831;1.37169e-06;18UACUAUUACCGUUGA&2UCAACGGUAAUAGUA;18|||||||||||||||&2|||||||||||||||;1.37169e-06;-0.36;-0.95;0.5;0.5;4.1;-25.7;-21.91;-0.834739;-2.1542;0;22;26;8;12;-0.46;0.88;0.25;0.23982928955321148;-11;828.732;7.2431e+150;5.63926e+07;-229.23;0.66655479694078379;960582;-4.14;-214.09;1159.1;0.616321
GU-28-29;UUUUUAAGCUCUUCAAGGCUAGCUACAACGAGGUAAUAG;-11.62;-229.74;10.57;4.03;3.56271e-08;0.00144622;20CUAUUACCGUUGAAGAGCUUAAAAA&1UUUUUAAGCUCUUCAAGGCUAGCUACAACGAGGUAAUAG;20||||||||.||||||||||||||||&1||||||||||||||||...............||||||||;0.00144622;-0.38;-0.74;0;0.5;4.1;-29.7;-26.22;-1.14248;-2.57796;0;23:22:20;27:26:24;32:33:35;36:37:39;-2.15:-0.97:-0.56;0.81:0.88:0.7;0.68:0.59:0.26;0.26867557106797529:0.23982928955321148:0.3211740165915184;-4.03;2.52878e+08;7.2431e+150;691.458;-230.04;0.33176726635627307:0.38393050966078013:0.65582700031577057;1.54209e+08;-11.92;-214.09;0.609815;0.616321
GU-67-68;AAUAGGAAACCUAUUAGGCUAGCUACAACGAUAGGUUCC;-7.13;-230.96;6.45;9.06;2.85079e-05;4.12868e-07;64CUAGUAAUAGGUUUCCUAU&2AUAGGAAACCUAUUAGGCUAG;64|||||||||||||||||||&2||||||||||||||..|||||;4.12868e-07;-0.02;-0.12;0;0.5;4.1;-27.1;-22.64;-0.701024;-2.22597;0;64;68;18;22;-0.42;3.09;0.03;0.0066467785186683668;-9.74;282586;7.2431e+150;7.30054e+06;-231.56;0.95248973283680904;105731;-7.73;-214.09;0.374154;0.616321
GU-74-75;UGUAAGGAAUAGGAAAGGCUAGCUACAACGACUAUUACU;-15.91;-233.47;7.63;3.47;4.20214e-06;0.00358791;66AGUAAUAGGUUUCCUAUUCCUUACA&1UGUAAGGAAUAGGAAAGGCUAGCUACAACGACUAUUACU;66||||||||.||||||||||||||||&1||||||||||||||||...............||||||||;0.00358791;-0.13;-0.48;0.5;0.5;4.1;-31.5;-27.01;-1.56428;-2.65563;0;85:83:82:86:84:77:81:69;89:87:86:90:88:81:85:73;2:4:5:1:3:10:6:32;6:8:9:5:7:14:10:36;-1.92:-1.44:-1.09:-1:-0.89:-0.56:-0.49:-0.04;1.46:1.65:1.7:0.27:1.46:2.63:1.64:2.4;1.28:1.58:1.15:0.77:1.36:2.11:2.06:0.6;0.093583958626465111:0.068756959619272029:0.063399208484485464:0.64527186109410339:0.093583958626465111:0.014020168348596316:0.069881662748290288:0.020362178437685265;-3.47;5.44301e+09;7.2431e+150;278.714;-231.37;0.1253255427499714:0.077026936222095221:0.15475509201487742:0.28669125338011198:0.11006951902551425:0.03259677564799577:0.035351469529720958:0.3777513801358231;1.62587e+11;-13.81;-214.09;29.8708;0.616321
GU-98-99;GGCAAAUUGUAGAAGAGGCUAGCUACAACGAAAAUCCAU;-19.36;-237.95;6.42;4.5;2.99299e-05;0.000674599;90AUGGAUUUGUCUUCUACAAUUUGCC&1GGCAAAUUGUAGAAGAGGCUAGCUACAACGAAAAUCCAU;90||||||||.||||||||||||||||&1||||||||||||||||.|..............|||||||;0.000674599;-0.3;-1.18;0.5;0;4.1;-33.4;-30.28;-1.90348;-2.97714;0;110:92:91:90:109:99:102:103;114:96:95:94:113:103:106:107;1:33:34:35:2:12:9:8;5:37:38:39:6:16:13:12;-3.94:-2.71:-2.58:-2.06:-0.95:-0.63:-0.3:-0.18;2.9:1.87:1.86:2.27:1.57:0.4:1.82:1.83;0.34:0.32:0.32:0.32:0.33:2.82:3.11:3.36;0.0090468201231513872:0.048116299501510397:0.048903369681835236:0.025143723526767289:0.078286916835947101:0.52256145604002679:0.052182519954704729:0.051342673832489381;-4.5;6.1213e+13;7.2431e+150;1482.36;-238.15;0.57599241866214967:0.59499031773956368:0.59499031773956368:0.59499031773956368:0.58541430815737006:0.010300741314518646:0.0064345484642914872:0.0042889791450214446;4.38683e+13;-19.56;-214.09;0.716651;0.616321
GU-132-133;UAAUUAUAUACAAAAAGGCUAGCUACAACGACUAUUCCU;-11.08;-226.87;7.38;1.7;6.30427e-06;0.0633992;124AGGAAUAGGUUUUUGUAUAUAAUUA&1UAAUUAUAUACAAAAAGGCUAGCUACAACGACUAUUCCU;124||||||||.||||||||||||||||&1||||||||||||||||...............||||||||;0.0633992;-0.23;-0.33;0.5;0.5;4.1;-24.7;-20.16;-1.08939;-1.98214;0;137:138:125:136:124:135:142;141:142:129:140:128:139:146;8:7:34:9:35:10:3;12:11:38:13:39:14:7;-0.92:-0.89:-0.68:-0.62:-0.44:-0.44:-0.08;2.32:2.36:2.57:2.28:2.61:2.21:0.53;0:0:1.38:0:1.24:0.01:0;0.023184448218431269:0.021727537172974109:0.015453705174420573:0.024739050492189045:0.01448259412835509:0.027714623726947368:0.42318670904952038;-1.7;1.2559e+08;7.2431e+150;15.7731;-227.28;1:1:0.10655502550923238:1:0.13372907997817871:0.98390560434903551:1;6.42088e+07;-11.49;-214.09;0.511258;0.616321
GU-138-139;UUAACUUAAUUAUAUAGGCUAGCUACAACGAAAAAACCU;-12.75;-227.91;5.17;1.07;0.000227471;0.176205;130AGGUUUUUGUAUAUAAUUAAGUUAA&1UUAACUUAAUUAUAUAGGCUAGCUACAACGAAAAAACCU;130||||||||.||||||||||||||||&1||||||||||||||||.|..............|||||||;0.176205;-0.19;-0.6;0.5;0.5;4.1;-23.3;-18.99;-1.25358;-1.8671;0;131:130:147:149:148:146:150;135:134:151:153:152:150:154;34:35:4:2:3:5:1;38:39:8:6:7:9:5;-2.13:-2.07:-1.34:-1.25:-0.79:-0.53:-0.46;1.99:2.06:1.3:1.36:1.33:1.28:1.36;0.06:0.06:0.39:0.38:0.39:0.38:0.37;0.03960348747096025:0.035351469529720958:0.12132392803121181:0.11006951902551425:0.11555979579716118:0.1253255427499714:0.11006951902551425;-1.07;1.78883e+09;7.2431e+150;5.67522;-228.29;0.90723669115953587:0.90723669115953587:0.53110933989014131:0.53979704713800258:0.53110933989014131:0.53979704713800258:0.54862686496753843;9.64653e+08;-13.13;-214.09;0.539265;0.616321
GU-150-151;GCCAGAGGAAAAUUAAGGCUAGCUACAACGAUUAAUUAU;-18.83;-236.26;2.97;3.31;0.00807551;0.00465143;149AGUUAAUUUUCCUCUGGC&1GCCAGAGGAAAAUUAAGGCU;149||||||||||||||||||&1|||||||||||||||..|||;0.00465143;-0.98;-0.83;0.5;0;4.1;-27.9;-25.11;-1.85137;-2.46882;0;158:159:162:156:157:160:161:155;162:163:166:160:161:164:165:159;5:4:1:7:6:3:2:8;9:8:5:11:10:7:6:12;-4.97:-4.23:-3.86:-3.82:-3.7:-2.25:-1.98:-0.79;1.42:1.89:2.68:0.32:0.33:2.25:2.45:0.32;0.66:0.67:2.54:0.4:0.64:2.53:2.56:0.01;0.099859106238229162:0.046579957523070967:0.012927674246246043:0.59499031773956368:0.58541430815737006:0.02597303639012306:0.018775495646076539:0.59499031773956368;-3.34;1.56321e+12;7.2431e+150;225.711;-234.73;0.34270991219537217:0.33719420327499255:0.016224537274952728:0.52256145604002679:0.35401347820382689:0.016489932777328867:0.015706491665574911:0.98390560434903551;1.85645e+13;-17.3;-214.09;11.8759;0.616321
GU-150-151;GCCAGAGGAAAAUUAAGGCUAGCUACAACGAUUAAUUAU;-5.42;-222.85;4.04;0.04;0.00142294;0.93716;268UUGAUGUGGCU&21AGCUACAACGA;268|||.|||||||&21|||||||.|||;0.93716;-0.01;-0.19;0.5;0.5;4.1;-14.4;-9.5;-0.532896;-0.934043;0;273:272:274;277:276:278;22:23:21;26:27:25;-3.13:-0.85:-0.69;3.6:3.17:3.4;0.03:0.02:0.03;0.0029056035563335041:0.0058376584578494805:0.0040194596364592538;-3.34;1.56321e+12;7.2431e+150;225.711;-234.73;0.95248973283680904:0.96807023826944083:0.95248973283680904;6595.36;-17.3;-214.09;4.21913e-09;0.616321
GU-168-169;AAGUUACUGGCCAUAAGGCUAGCUACAACGAAGCCAGAG;-13.77;-238.47;10.83;10.61;2.33652e-08;3.33883e-08;160CUCUGGCUGUUAUGGCCAGUAACUU&1AAGUUACUGGCCAUAAGGCUAGCUACAACGAAGCCAGAG;160||||||||.||||||||||||||||&1||||||||||||||||.|..............|||||||;3.33883e-08;-0.23;-0.08;0;0.5;4.1;-39.5;-35.21;-1.35387;-3.46186;0;162:161:160;166:165:164;33:34:35;37:38:39;-6.29:-4.55:-3.67;2.68:2.45:2.25;0.02:0.02:0.02;0.012927674246246043:0.018775495646076539:0.02597303639012306;-10.61;9.65069e+09;7.2431e+150;2.99506e+07;-238.86;0.96807023826944083:0.96807023826944083:0.96807023826944083;5.04802e+09;-14.16;-214.09;0.523073;0.616321
GU-178-179;AAACAAGCUAAAGUUAGGCUAGCUACAACGAUGGCCAUA;-12.24;-233.46;6.45;0.49;2.85079e-05;0.451563;179UAACUUUAGCUUGUUU&1AAACAAGCUAAAGUUA;179||||||||||||||||&1||||||||||||||||;0.451563;0;-0.08;0.5;0.5;4.1;-24.2;-19.18;-1.20344;-1.88578;0;184:185:187:186:179:183:182:180:181;188:189:191:190:183:187:186:184:185;7:6:4:5:12:8:9:11:10;11:10:8:9:16:12:13:15:14;-2.63:-2.3:-1.55:-0.76:-0.72:-0.65:-0.63:-0.58:-0.45;1.43:2.34:4.01:3.35:0.44:1.47:1.44:1.14:1.33;0.17:0.17:0.45:0.17:0.44:0.17:0.45:0.43:0.42;0.098251934273079405:0.022444174310962271:0.0014939193960284121:0.0043591368176615726:0.48972368694316948:0.0920777813697473:0.096670628769415901:0.15728652355554509:0.11555979579716118;-7.13;1.35574e+09;7.2431e+150;105731;-234.17;0.75894164377911799:0.75894164377911799:0.48184188016585705:0.75894164377911799:0.48972368694316948:0.75894164377911799:0.48184188016585705:0.49773442165437909:0.50587619325909472;4.21693e+08;-12.95;-214.09;0.311043;0.616321
GU-178-179;AAACAAGCUAAAGUUAGGCUAGCUACAACGAUGGCCAUA;-6.18;-227.4;2.73;3.02;0.0119203;0.00744624;326UGUGGUCAUU&30GAUGGCCAUA;326||||||||||&30||||||||||;0.00744624;-0.22;-0.51;0.5;0.5;4.1;-16.3;-11.93;-0.607619;-1.17296;0;328:329:327;332:333:331;33:32:34;37:36:38;-1.92:-1.63:-0.25;1.84:1.69:1.86;3.02:3.02:2.95;0.050516344526050881:0.064436271329535916:0.048903369681835236;-7.13;1.35574e+09;7.2431e+150;105731;-234.17;0.0074462423567716388:0.0074462423567716388:0.0083418644204934934;22634.8;-12.95;-214.09;1.66956e-05;0.616321
GU-191-192;AGCAGCAAGCACAAAAGGCUAGCUACAACGAAAGCUAAA;-19.35;-240.32;4.36;2.29;0.000846637;0.0243409;192UUUUGUGCUUGCUGCU&1AGCAGCAAGCACAAAA;192||||||||||||||||&1||||||||||||||||;0.0243409;-0.16;-0.24;0.5;0.5;4.1;-30.7;-26;-1.9025;-2.55633;0;202:201:203:196:195:200:199:198;206:205:207:200:199:204:203:202;2:3:1:8:9:4:5:6;6:7:5:12:13:8:9:10;-6.71:-4.05:-3.83:-2.53:-2.2:-1.78:-1.67:-1.54;1.12:0.86:1.14:2.68:2.81:0.63:1.95:2.36;1.49:1.49:1.49:1.74:1.74:1.22:2.13:2.14;0.16247428888705059:0.24773955449961921:0.15728652355554509:0.012927674246246043:0.010469237362799389:0.359804311144306:0.042259046537582633:0.021727537172974109;-6.88;4.57331e+12;7.2431e+150;70475.3;-238.93;0.089137759749932738:0.089137759749932738:0.089137759749932738:0.059415201349872798:0.059415201349872798:0.13813985255577935:0.031555968368370775:0.031048094128300893;4.31623e+13;-17.96;-214.09;9.43787;0.616321
GU-191-192;AGCAGCAAGCACAAAAGGCUAGCUACAACGAAAGCUAAA;-6.11;-227.08;1.23;0.82;0.135917;0.264351;652GCUUUGCUUGU&25ACAACGAAAGC;652|||||..||||&25||||..|||||;0.264351;-1.2;-0.06;0;0.5;4.1;-11.5;-8.16;-0.600737;-0.802294;0;652;656;31;35;-3.42;1.12;0.42;0.16247428888705059;-6.88;4.57331e+12;7.2431e+150;70475.3;-238.93;0.50587619325909472;20204.7;-17.96;-214.09;4.41795e-09;0.616321
GU-196-197;UAAACAGCAGCAAGCAGGCUAGCUACAACGAAAAACAAG;-17.32;-237.1;4.62;5.66;0.000555248;0.000102717;195UGUGCUUGCUGCUGUUUA&1UAAACAGCAGCAAGCAGG;195|.||||||||||||||||&1||||||||||||||||.|;0.000102717;-0.42;-0.48;0.5;0.5;4.1;-31.8;-27.6;-1.70291;-2.71364;0;202:205:203:204:201:197;206:209:207:208:205:201;7:4:6:5:8:12;11:8:10:9:12:16;-4.7:-1.9:-1.86:-1.84:-1.55:-1.46;1.12:1.69:1.14:1.67:0.86:2.47;3.5:2.82:3.5:3.37:3.49:0;0.16247428888705059:0.064436271329535916:0.15728652355554509:0.066561566281311005:0.24773955449961921:0.018175998543724165;-5.69;1.63079e+12;7.2431e+150;10221.1;-237.11;0.0034174487873609724:0.010300741314518646:0.0034174487873609724:0.0042199506177227298:0.0034733502606909125:1;1.60196e+12;-17.33;-214.09;0.98232;0.616321
GU-208-209;CAAUUUAUUCUGUAAAGGCUAGCUACAACGAAGCAGCAA;-17.1;-236.81;3.81;5.62;0.00206661;0.000109605;201UGCUGCUGUUUACAGAAUAAAUUG&1CAAUUUAUUCUGUAAAGGCUAGCUACAACGAAGCAGCA;201|||||||.||||||||||||||||&1||||||||||||||||.|..............||||||;0.000109605;-0.96;-1.07;0.5;0;4.1;-29.1;-26.53;-1.68128;-2.60844;0;202:212:211:213:201:215:214:210:220:209;206:216:215:217:205:219:218:214:224:213;33:9:10:8:34:6:7:11:1:12;37:13:14:12:38:10:11:15:5:16;-3.91:-3.53:-3.33:-2.73:-1.87:-1.52:-1.28:-1.02:-0.56:-0.52;1.12:1.37:1.52:1.29:0.86:0.97:1.15:1.67:1.42:1.76;4.05:0.35:0.36:0.33:4.03:0.34:0.35:0.36:0.12:0.36;0.16247428888705059:0.10829801663720626:0.084902800969885103:0.12330850387978151:0.24773955449961921:0.2072445554210775:0.15475509201487742:0.066561566281311005:0.099859106238229162:0.057518088127598156;-5.62;1.36845e+12;7.2431e+150;9123.68;-236.93;0.001400041480600338:0.56672216878424508:0.55760111797565881:0.58541430815737006:0.0014462189056685642:0.57599241866214967:0.56672216878424508:0.55760111797565881:0.82307841378610314:0.55760111797565881;1.12106e+12;-17.22;-214.09;0.819213;0.616321
GU-233-234;UGCGAUAGCAAUUCCAGGCUAGCUACAACGACGGUGAUC;-23.23;-242.32;7.85;5;2.94067e-06;0.000299721;225GAUCACCGGUGGAAUUGCUAUCGCA&1UGCGAUAGCAAUUCCAGGCUAGCUACAACGACGGUGAUC;225||||||||.||||||||||||||||&1||||||||||||||||...............||||||||;0.000299721;0;-0.48;0;0.5;4.1;-40.2;-36.08;-2.28398;-3.5474;0;228:227:245:226:235:225:234:244;232:231:249:230:239:229:238:248;32:33:1:34:11:35:12:2;36:37:5:38:15:39:16:6;-5.52:-5.03:-2.68:-2.54:-2.21:-2.18:-1.74:-0.78;1.57:1.51:2.01:1.31:1.56:1.25:2.8:2.83;0.49:0.47:1.26:0.45:0.02:0.42:0.02:2.49;0.078286916835947101:0.086291612319921565:0.03833895755231332:0.11937129273154835:0.079567507787236078:0.1315767912549704:0.010640489612543654:0.010134957108304546;-5;3.01385e+16;7.2431e+150;3336.44;-242.47;0.45156292977792412:0.46645678374035671:0.12945914231802855:0.48184188016585705:0.96807023826944083:0.50587619325909472:0.96807023826944083:0.017595643241008062;2.33976e+16;-23.38;-214.09;0.776337;0.616321
GU-257-258;CAUCAAGCCUACAAGAGGCUAGCUACAACGAAAGCCAUU;-17.79;-239.75;6.28;2.2;3.75627e-05;0.028168;258UCUUGUAGGCUUGAUG&1CAUCAAGCCUACAAGA;258||||||||||||||||&1||||||||||||||||;0.028168;0;-0.37;0.5;0;4.1;-30.5;-26.27;-1.74912;-2.58287;0;262:269:264:263:259:265:266:258;266:273:268:267:263:269:270:262;8:1:6:7:11:5:4:12;12:5:10:11:15:9:8:16;-1.37:-1.26:-1.22:-1.19:-1.03:-0.52:-0.42:-0.41;3.52:2.35:3.61:3.72:1.77:3.62:3.68:1.4;2.08:0.01:2.08:2.08:0:2.08:2.08:1.63;0.0033083304618541482:0.02208294888954242:0.0028588396230930257:0.0023915395662382419:0.05659236926018555:0.00281282832709631:0.0025519010642746707:0.10315274893352894;-7.87;5.81948e+12;7.2431e+150;351275;-240.07;0.034222705530811845:0.98390560434903551:0.034222705530811845:0.034222705530811845:1:0.034222705530811845:0.034222705530811845:0.071024763391326434;3.43432e+12;-18.11;-214.09;0.590141;0.616321
GU-257-258;CAUCAAGCCUACAAGAGGCUAGCUACAACGAAAGCCAUU;-6.74;-228.7;1.33;1.52;0.11556;0.0849028;652GCUUUGCUUGUA&24UACAACGAAAGC;652|||||..|||||&24|||||..|||||;0.0849028;-0.8;-0.59;0;0.5;4.1;-12.8;-9.59;-0.662679;-0.942892;0;652:659;656:663;31:24;35:28;-1.97:-0.34;1.12:0.75;1.49:1.21;0.16247428888705059:0.29614716169005689;-7.87;5.81948e+12;7.2431e+150;351275;-240.07;0.089137759749932738:0.14039949761966689;56154.6;-18.11;-214.09;9.64941e-09;0.616321
GU-262-263;AGCCACAUCAAGCCUAGGCUAGCUACAACGAAAGACAAG;-22.07;-240.25;9.55;4.09;1.86436e-07;0.00131206;254CUUGUCUUGUAGGCUUGAUGUGGCU&1AGCCACAUCAAGCCUAGGCUAGCUACAACGAAAGACAAG;254||||||||.||||||||||||||||&1||||||||||||||||.|..............|||||||;0.00131206;-0.19;-0.02;0;0.5;4.1;-40.1;-35.71;-2.16993;-3.51102;0;273:264:256:263:265:266:270:255:269:272:274:254:267:271;277:268:260:267:269:270:274:259:273:276:278:258:271:275;2:11:33:12:10:9:5:34:6:3:1:35:8:4;6:15:37:16:14:13:9:38:10:7:5:39:12:8;-4.06:-3.2:-3.1:-2.63:-2.51:-2.43:-2.21:-2.14:-2.12:-1.6:-1.38:-0.95:-0.36:-0.07;3.6:3.61:1.91:3.72:3.62:3.68:2.51:1.93:2.35:3.17:3.4:2.43:3.64:3.02;1.38:0.1:0.09:0.1:0.09:0.09:0.02:0.09:0.01:1.37:1.38:0.03:0.09:1.25;0.0029056035563335041:0.0028588396230930257:0.045092670577939746:0.0023915395662382419:0.00281282832709631:0.0025519010642746707:0.017033818544826766:0.04365287235059153:0.02208294888954242:0.0058376584578494805:0.0040194596364592538:0.019394765900086271:0.0027230153888231573:0.0074462423567716388;-4.09;5.19897e+15;7.2431e+150;762.159;-240.48;0.10655502550923238:0.850225924988118:0.864133633582297:0.850225924988118:0.864133633582297:0.864133633582297:0.96807023826944083:0.864133633582297:0.98390560434903551:0.10829801663720626:0.10655502550923238:0.95248973283680904:0.864133633582297:0.1315767912549704;3.56263e+15;-22.3;-214.09;0.685256;0.616321
GU-273-274;UGAAGUAGCUGAGCCAGGCUAGCUACAACGAAUCAAGCC;-16.49;-241.33;5.19;7.82;0.000220208;3.08735e-06;274UGGCUCAGCUACUUCA&1UGAAGUAGCUGAGCCA;274||||||||||||||||&1||||||||||||||||;3.08735e-06;0;-0.6;0.5;0.5;4.1;-34;-29.5;-1.6213;-2.90045;0;275:274;279:278;11:12;15:16;-1.12:-0.91;3.14:3.4;3.49:1.9;0.0061288413476784974:0.0040194596364592538;-10.75;1.02889e+12;7.2431e+150;3.75888e+07;-241.88;0.0034733502606909125:0.045830281257289544;4.16665e+11;-17.04;-214.09;0.404967;0.616321
GU-273-274;UGAAGUAGCUGAGCCAGGCUAGCUACAACGAAUCAAGCC;-8.11;-232.95;3.24;0.18;0.0052109;0.746727;252GGCUUGUCUUGU&28ACGAAUCAAGCC;252||||||..||||&28||||..||||||;0.746727;0;-0.43;0;0.5;4.1;-15.7;-11.53;-0.797378;-1.13363;0;252:253;256:257;35:34;39:38;-3.84:-3.57;1.46:2.25;0.01:0.02;0.093583958626465111:0.02597303639012306;-10.75;1.02889e+12;7.2431e+150;3.75888e+07;-241.88;0.98390560434903551:0.96807023826944083;518519;-17.04;-214.09;5.03962e-07;0.616321
GU-306-307;AACGCGUACGCGCAAAGGCUAGCUACAACGAAGUCUGAA;-21.84;-242.46;6.31;6.53;3.57781e-05;2.50376e-05;298UUCAGACUGUUUGCGCGUACGCGUU&1AACGCGUACGCGCAAAGGCUAGCUACAACGAAGUCUGAA;298||||||||.||||||||||||||||&1||||||||||||||||.|..............|||||||;2.50376e-05;-0.19;-0.09;0.5;0.5;4.1;-39.5;-34.68;-2.14732;-3.40975;0;310:300:309:317:316:299:311:298:315:312:313:314;314:304:313:321:320:303:315:302:319:316:317:318;9:33:10:2:3:34:8:35:4:7:6:5;13:37:14:6:7:38:12:39:8:11:10:9;-3.93:-3.29:-2.73:-1.83:-1.76:-1.73:-1.27:-0.68:-0.63:-0.59:-0.3:-0.15;2.88:1.58:2.55:2.5:2.59:1.54:2.81:1.46:2.7:2.45:2.03:2.61;3.2:2.13:3.17:3.05:3.06:2.12:3.17:2.01:3.05:2.15:2.12:2.93;0.0093452104666742232:0.077026936222095221:0.015963413152795817:0.017312451996954061:0.014960272050347015:0.082191874764659584:0.010469237362799389:0.093583958626465111:0.01251489668783312:0.018775495646076539:0.03711480377266993:0.01448259412835509;-6.53;8.00122e+15;7.2431e+150;39939.9;-243.18;0.00556030974490959:0.031555968368370775:0.0058376584578494805:0.0070924693930395554:0.0069783203844856149:0.032072150243771205:0.0058376584578494805:0.03833895755231332:0.0070924693930395554:0.030548393817191644:0.032072150243771205:0.008617003282123132;2.45301e+15;-22.56;-214.09;0.30658;0.616321
GU-314-315;CCACAUGGAACGCGUAGGCUAGCUACAACGAGCGCAAAC;-23.31;-243.56;9.38;6.16;2.45653e-07;4.56368e-05;306GUUUGCGCGUACGCGUUCCAUGUGG&1CCACAUGGAACGCGUAGGCUAGCUACAACGAGCGCAAAC;306||||||||.||||||||||||||||&1||||||||||||||||.||..............||||||;4.56368e-05;0;-0.55;0;0;4.1;-42.4;-38.85;-2.29185;-3.81974;0;323:320:326:322:317:316:321:324:315:325:318:319:307;327:324:330:326:321:320:325:328:319:329:322:323:311;4:7:1:5:10:11:6:3:12:2:9:8:34;8:11:5:9:14:15:10:7:16:6:13:12:38;-4.11:-3.24:-3.05:-2.84:-2.37:-2.31:-2.12:-1.48:-1.24:-1.15:-0.84:-0.83:-0.16;1.5:1.64:2.51:0.99:2.5:2.59:1.37:2.14:2.7:2.62:2.48:2.27:2.5;0.67:1.1:0.51:0.67:2.48:2.51:0.67:0.61:2.46:0.59:1.57:1.94:1.06;0.087703141377076715:0.069881662748290288:0.017033818544826766:0.20062728614652683:0.017312451996954061:0.014960272050347015:0.10829801663720626:0.031048094128300893:0.01251489668783312:0.014249505528401008:0.017883466831810114:0.025143723526767289:0.017312451996954061;-6.16;1.24894e+15;7.2431e+150;21912.1;-241.67;0.33719420327499255:0.16783316175228755:0.43714463302376178:0.33719420327499255:0.017883466831810114:0.017033818544826766:0.33719420327499255:0.37167169996621929:0.018473315390605632:0.38393050966078013:0.078286916835947101:0.042950305751680067:0.17908699071616341;2.66406e+16;-21.42;-214.09;21.3305;0.616321
GU-320-321;GAAUGACCACAUGGAAGGCUAGCUACAACGAGCGUACGC;-26.35;-244.57;8.88;4.13;5.52904e-07;0.00122961;312GCGUACGCGUUCCAUGUGGUCAUUC&1GAAUGACCACAUGGAAGGCUAGCUACAACGAGCGUACGC;312||||||||.||||||||||||||||&1||||||||||||||||.||..............||||||;0.00122961;-0.16;-1.7;0;0;4.1;-41.6;-39.36;-2.59074;-3.86989;0;328:329:323:332:327:326:322:321:312:330:313:324:325:331;332:333:327:336:331:330:326:325:316:334:317:328:329:335;5:4:10:1:6:7:11:12:35:3:34:9:8:2;9:8:14:5:10:11:15:16:39:7:38:13:12:6;-4.81:-4.54:-4.21:-4.08:-3.79:-3.34:-2.89:-2.18:-2.14:-2.11:-1.72:-1.54:-0.95:-0.82;1.84:1.69:1.5:1.1:1.86:2.51:0.99:1.37:2.45:1.65:2.03:2.14:2.62:1.15;0.69:0.69:0.57:0.16:0.7:0.71:0.56:0.63:0.62:0.66:0.62:0.5:0.76:0.15;0.050516344526050881:0.064436271329535916:0.087703141377076715:0.16783316175228755:0.048903369681835236:0.017033818544826766:0.20062728614652683:0.10829801663720626:0.018775495646076539:0.068756959619272029:0.03711480377266993:0.031048094128300893:0.014249505528401008:0.15475509201487742;-4.13;3.7771e+18;7.2431e+150;813.264;-244.58;0.3264276727074964:0.3264276727074964:0.39659365042262729:0.77135615492427601:0.3211740165915184:0.31600491489568505:0.40308099544266607:0.359804311144306:0.36568986857469638:0.34270991219537217:0.36568986857469638:0.44429529732476952:0.29138085209890696:0.78397373845086993;3.69573e+18;-26.36;-214.09;0.978457;0.616321
GU-327-328;CUGGAUUGAAUGACCAGGCUAGCUACAACGAAUGGAACG;-22.8;-241.34;8.12;4.45;1.89753e-06;0.000731608;319CGUUCCAUGUGGUCAUUCAAUCCAG&1CUGGAUUGAAUGACCAGGCUAGCUACAACGAAUGGAACG;319||||||||.||||||||||||||||&1||||||||||||||||.|..............|||||||;0.000731608;-0.17;-1.1;0;0;4.1;-38.2;-35.37;-2.2417;-3.47759;0;320:332:339:321:319:328:337:336:338:329:330:333:335:334:331;324:336:343:325:323:332:341:340:342:333:334:337:339:338:335;34:8:1:33:35:12:3:4:2:11:10:7:5:6:9;38:12:5:37:39:16:7:8:6:15:14:11:9:10:13;-4.52:-3.36:-2.72:-2.69:-2.36:-2.03:-1.98:-1.9:-1.87:-1.57:-1.4:-1.36:-1.22:-1.04:-0.48;1.64:1.1:1.9:1.37:2.27:1.84:0.16:0.57:0.44:1.69:1.65:0.78:0.46:0.56:1.15;0.26:0.51:2.26:0.24:0.2:3.56:2.25:2.21:2.25:3.34:0.74:0.47:0.57:0.57:0.23;0.069881662748290288:0.16783316175228755:0.045830281257289544:0.10829801663720626:0.025143723526767289:0.050516344526050881:0.77135615492427601:0.39659365042262729:0.48972368694316948:0.064436271329535916:0.068756959619272029:0.28207713091854164:0.47408692630526322:0.40308099544266607:0.15475509201487742;-4.45;1.55999e+16;7.2431e+150;1366.85;-241.52;0.65582700031577057:0.43714463302376178:0.025555016066203536:0.67745807524064761:0.72288412352190079:0.0031004349300525363:0.02597303639012306:0.027714623726947368:0.02597303639012306:0.0044304421058213575:0.30099143696410963:0.46645678374035671:0.39659365042262729:0.39659365042262729:0.68853970568534617;1.16458e+16;-22.98;-214.09;0.74653;0.616321
GU-330-331;UUUCUGGAUUGAAUGAGGCUAGCUACAACGACACAUGGA;-22.48;-239.89;5.38;3.32;0.000161789;0.00457657;322UCCAUGUGGUCAUUCAAUCCAGAAA&1UUUCUGGAUUGAAUGAGGCUAGCUACAACGACACAUGGA;322||||||||.||||||||||||||||&1||||||||||||||||...............||||||||;0.00457657;-0.08;-0.5;0.5;0.5;4.1;-35.7;-31.18;-2.21024;-3.06563;0;323:340:339:338:337:322:336:332:324:341:325:335;327:344:343:342:341:326:340:336:328:345:329:339;34:3:4:5:6:35:7:11:33:2:32:8;38:7:8:9:10:39:11:15:37:6:36:12;-3.43:-3.33:-2.84:-2.22:-2.17:-1.95:-1.81:-0.88:-0.83:-0.76:-0.47:-0.32;1.5:1.91:1.9:0.44:0.16:0.99:0.57:1.1:2.14:1.89:2.62:0.46;1.34:2.43:2.43:1.82:1.8:1.18:2.04:1.39:1.32:2.37:1.3:1.79;0.087703141377076715:0.045092670577939746:0.045830281257289544:0.48972368694316948:0.77135615492427601:0.20062728614652683:0.39659365042262729:0.16783316175228755:0.031048094128300893:0.046579957523070967:0.014249505528401008:0.47408692630526322;-3.32;1.66164e+16;7.2431e+150;218.504;-240.42;0.11369993072225701:0.019394765900086271:0.019394765900086271:0.052182519954704729:0.053903650677236174:0.14740263624838637:0.036517463436244658:0.10484008677008817:0.11745008391695971:0.021377845593191214:0.12132392803121181:0.054785388393940003;6.92914e+15;-23.01;-214.09;0.417006;0.616321
GU-364-365;GUGCCAUGGAGUGGCAGGCUAGCUACAACGAGUUGAGAA;-21.26;-244.69;9.65;9.34;1.58513e-07;2.62125e-07;356UUCUCAACGUGCCACUCCAUGGCAC&1GUGCCAUGGAGUGGCAGGCUAGCUACAACGAGUUGAGAA;356||||||||.||||||||||||||||&1||||||||||||||||.|..............|||||||;2.62125e-07;-0.09;-1.16;0.5;0;4.1;-43.6;-40.25;-2.09029;-3.95739;0;370:357:369:358:376:356:372:371:373:374:375:368:367;374:361:373:362:380:360:376:375:377:378:379:372:371;7:34:8:33:1:35:5:6:4:3:2:9:10;11:38:12:37:5:39:9:10:8:7:6:13:14;-4.15:-3.75:-3.54:-3.06:-3.02:-2.79:-1.56:-1.34:-0.87:-0.76:-0.68:-0.51:-0.42;0.04:0.14:1.11:0.15:3.78:0.37:2.38:1.04:2.63:3.06:3.54:2.73:3.16;1.15:1.32:2.25:1.57:2.22:0.99:2.99:2.09:3:2.43:2.23:2.19:2.19;0.93715998622305208:0.79679771614834627:0.16513198844369389:0.78397373845086993:0.0021696924428510956:0.54862686496753843:0.021033782088049176:0.18499379862798601:0.014020168348596316:0.0069783203844856149:0.0032026962584811944:0.011920310602674435:0.0059331489037627244;-9.34;1.97831e+15;7.2431e+150;3.81498e+06;-245.13;0.15475509201487742:0.11745008391695971:0.02597303639012306:0.078286916835947101:0.027268573607368257:0.20062728614652683:0.00781766154538425:0.03367191176775252:0.0076918410074075048:0.019394765900086271:0.026829702394893837:0.028628732328855686:0.028628732328855686;9.57191e+14;-21.7;-214.09;0.483842;0.616321
GU-407-408;UCCGAUUACGAGUUCAGGCUAGCUACAACGAUUUCUAGA;-22.21;-238.91;5.93;2.61;6.62806e-05;0.0144826;399UCUAGAAAGUGAACUCGUAAUCGGA&1UCCGAUUACGAGUUCAGGCUAGCUACAACGAUUUCUAGA;399||||||||.||||||||||||||||&1||||||||||||||||...............||||||||;0.0144826;-0.19;-0.46;0.5;0.5;4.1;-35.2;-30.75;-2.18369;-3.02335;0;412:411:413:399:419:400:418:409:414:410:408:401:417:416:402:415;416:415:417:403:423:404:422:413:418:414:412:405:421:420:406:419;8:9:7:35:1:34:2:11:6:10:12:33:3:4:32:5;12:13:11:39:5:38:6:15:10:14:16:37:7:8:36:9;-4.27:-3.72:-2.94:-2.69:-2.69:-2.59:-2.58:-1.7:-1.68:-1.61:-1.31:-0.96:-0.64:-0.26:-0.21:-0.04;1.55:1.5:1.56:1.44:3.21:0.71:3.04:1.86:1.55:1.22:1.81:1.27:1.87:1.46:1.49:1.27;0.46:0.46:0.39:0.68:0.6:0.69:0.63:1:0.3:1.16:1.01:0.7:0.65:0.58:0.7:0.56;0.080869046212902668:0.087703141377076715:0.079567507787236078:0.096670628769415901:0.0054708199199331019:0.31600491489568505:0.0072084856125319225:0.048903369681835236:0.080869046212902668:0.13813985255577935:0.053036103996205355:0.12737557566092775:0.048116299501510397:0.093583958626465111:0.089137759749932738:0.12737557566092775;-2.61;7.20619e+15;7.2431e+150;69.0484;-239.2;0.47408692630526322:0.47408692630526322:0.53110933989014131:0.33176726635627307:0.3777513801358231:0.3264276727074964:0.359804311144306:0.19739831122490537:0.61461482258063305:0.15226440233498856:0.19422130470321952:0.3211740165915184:0.34831584521984038:0.39021071530006524:0.3211740165915184:0.40308099544266607;4.47118e+15;-22.5;-214.09;0.620464;0.616321
GU-415-416;AUCACAGCUCCGAUUAGGCUAGCUACAACGAGAGUUCAC;-20.55;-241.43;7.23;6.79;8.04143e-06;1.64203e-05;407GUGAACUCGUAAUCGGAGCUGUGAU&1AUCACAGCUCCGAUUAGGCUAGCUACAACGAGAGUUCAC;407||||||||.||||||||||||||||&1||||||||||||||||...............||||||||;1.64203e-05;-0.2;-0.07;0;0.5;4.1;-38.9;-34.57;-2.02048;-3.39893;0;425:427:426:421:409:410:420:408;429:431:430:425:413:414:424:412;3:1:2:7:33:32:8:34;7:5:6:11:37:36:12:38;-1.53:-1.52:-1.49:-1.07:-0.78:-0.68:-0.47:-0.28;2.02:2.19:1.88:3.4:1.86:1.22:3.41:1.81;2.31:0:0.72:4.47:2.04:2.07:4.68:2.03;0.037721915200620834:0.028628732328855686:0.04734189674007281:0.0040194596364592538:0.048903369681835236:0.13813985255577935:0.0039547688627669967:0.053036103996205355;-6.79;1.73733e+13;7.2431e+150;60900.1;-239.66;0.02356369159394146:1:0.31091900676770456:0.00070824765461092532:0.036517463436244658:0.034782508992266627:0.00050374096050085878:0.03711480377266993;3.02477e+14;-18.78;-214.09;17.4105;0.616321
GU-427-428;UGUCCACGAAGGAUCAGGCUAGCUACAACGAAGCUCCGA;-24.2;-245.33;8.65;7.04;8.0301e-07;1.09451e-05;419UCGGAGCUGUGAUCCUUCGUGGACA&1UGUCCACGAAGGAUCAGGCUAGCUACAACGAAGCUCCGA;419||||||||.||||||||||||||||&1||||||||||||||||.|..............|||||||;1.09451e-05;-0.3;-0.39;0.5;0.5;4.1;-44.3;-39.89;-2.37935;-3.922;0;434:421:436:420:432:429:435:438:439:437:433:419;438:425:440:424:436:433:439:442:443:441:437:423;6:33:4:34:8:11:5:2:1:3:7:35;10:37:8:38:12:15:9:6:5:7:11:39;-2.7:-2.27:-1.84:-1.5:-1.44:-1.15:-0.8:-0.74:-0.74:-0.3:-0.23:-0.22;0.1:3.4:2.93:3.41:2.45:2.32:2.72:3.56:3.29:3.79:2.59:3.21;0:3.63:2.84:3.61:3:3.2:2.74:2.78:2.78:2.8:2.88:2.34;0.850225924988118:0.0040194596364592538:0.008617003282123132:0.0039547688627669967:0.018775495646076539:0.023184448218431269:0.012115299018508044:0.0031004349300525363:0.0048048506637117776:0.0021347725542349406:0.014960272050347015:0.0054708199199331019;-7.04;1.96835e+17;7.2431e+150;91365.5;-245.67;1:0.0027675575551017839:0.0099718410986979374:0.0028588396230930257:0.0076918410074075048:0.00556030974490959:0.011728460407552604:0.010991443793959619:0.010991443793959619:0.010640489612543654:0.0093452104666742232:0.022444174310962271;1.12899e+17;-24.54;-214.09;0.57357;0.616321
GU-437-438;AAUACGAAGAUGUCCAGGCUAGCUACAACGAGAAGGAUC;-20.88;-237.27;9.36;2.3;2.53755e-07;0.0239491;429GAUCCUUCGUGGACAUCUUCGUAUU&1AAUACGAAGAUGUCCAGGCUAGCUACAACGAGAAGGAUC;429||||||||.||||||||||||||||&1||||||||||||||||...............||||||||;0.0239491;0;-0.34;0;0.5;4.1;-36.8;-32.54;-2.05293;-3.19934;0;445:432:447:448:429:438:439:446:444:430:431:449:442:441;449:436:451:452:433:442:443:450:448:434:435:453:446:445;5:32:3:2:35:12:11:4:6:34:33:1:8:9;9:36:7:6:39:16:15:8:10:38:37:5:12:13;-3.14:-2.86:-2.84:-2.69:-2.27:-2.09:-2.04:-1.98:-1.88:-1.12:-0.87:-0.79:-0.58:-0.29;2.58:2.45:1.67:1.63:2.32:3.56:3.29:1.84:2.33:2:2.39:1.64:2.38:2.55;0.05:1.4:0.03:0.03:1.37:1.44:1.42:0.03:0.05:1.36:1.35:0.02:0.96:1.32;0.015204987129070091:0.018775495646076539:0.066561566281311005:0.071024763391326434:0.023184448218431269:0.0031004349300525363:0.0048048506637117776:0.050516344526050881:0.022811308535854526:0.038966093274444599:0.020695256077087946:0.069881662748290288:0.021033782088049176:0.015963413152795817;-2.3;9.30163e+14;7.2431e+150;41.7552;-237.63;0.92207696261652583:0.10315274893352894:0.95248973283680904:0.95248973283680904:0.10829801663720626:0.096670628769415901:0.099859106238229162:0.95248973283680904:0.92207696261652583:0.11006951902551425:0.11186999905172575:0.96807023826944083:0.21063459188058303:0.11745008391695971;5.16689e+14;-21.24;-214.09;0.555482;0.616321
GU-449-450;AUGGUGUCCAGCAAUAGGCUAGCUACAACGAGAAGAUGU;-22.16;-240.58;6.93;4.33;1.30837e-05;0.000888868;441ACAUCUUCGUAUUGCUGGACACCAU&1AUGGUGUCCAGCAAUAGGCUAGCUACAACGAGAAGAUGU;441||||||||.||||||||||||||||&1||||||||||||||||...............||||||||;0.000888868;-0.24;-0.08;0.5;0.5;4.1;-38.2;-33.42;-2.17878;-3.28586;0;459:460:454:444:457:442:458:441:456:453:451:461:452;463:464:458:448:461:446:462:445:460:457:455:465:456;3:2:8:32:5:34:4:35:6:9:11:1:10;7:6:12:36:9:38:8:39:10:13:15:5:14;-3.02:-2.58:-2.39:-1.8:-1.75:-1.74:-1.73:-1.45:-1.31:-0.97:-0.86:-0.66:-0.45;1.81:0.91:3.94:2.33:2.28:2.38:2.35:2.55:2.29:3.72:2.24:1.78:2.44;1.98:1.96:2.38:0.05:1.97:0.09:1.94:0.09:2.23:1.64:1.11:1.57:1.12;0.053036103996205355:0.22843493593298012:0.0016736056200858797:0.022811308535854526:0.024739050492189045:0.021033782088049176:0.02208294888954242:0.015963413152795817:0.024340890425538556:0.0023915395662382419:0.026397894549352773:0.05568154927848664:0.019082618864132456;-4.33;7.90423e+15;7.2431e+150;1125.03;-240.98;0.040251307946520355:0.041578912722774253:0.021033782088049176:0.92207696261652583:0.040909725250677001:0.864133633582297:0.042950305751680067:0.864133633582297:0.026829702394893837:0.069881662748290288:0.16513198844369389:0.078286916835947101:0.16247428888705059;4.12277e+15;-22.56;-214.09;0.521591;0.616321
GU-476-477;CAGGUCCUUGAUGUCAGGCUAGCUACAACGAAGCGUCCU;-25.07;-245.94;7.4;6.78;6.10297e-06;1.66889e-05;468AGGACGCUGUGACAUCAAGGACCUG&1CAGGUCCUUGAUGUCAGGCUAGCUACAACGAAGCGUCCU;468||||||||.||||||||||||||||&1||||||||||||||||.|..............|||||||;1.66889e-05;-0.15;-0.2;0.5;0;4.1;-43.5;-39.25;-2.46489;-3.85907;0;486:470:469:488:487:485:483:479:468:478:480:477;490:474:473:492:491:489:487:483:472:482:484:481;3:33:34:1:2:4:6:10:35:11:9:12;7:37:38:5:6:8:10:14:39:15:13:16;-4.35:-2.64:-2.55:-2.39:-2.32:-2.15:-2.14:-1.45:-1.41:-0.9:-0.84:-0.36;1.89:1.87:2.25:0.29:1.92:1.75:2.12:0.98:2.13:1:0.79:1.15;2.57:3.19:3.13:2.47:2.5:2.61:2.7:2.13:2.26:2.07:2.47:2.9;0.046579957523070967:0.048116299501510397:0.02597303639012306:0.6246684843179342:0.044366931296699781:0.058458949591666226:0.032072150243771205:0.20390907954962245:0.031555968368370775:0.19739831122490537:0.27753726996944972:0.15475509201487742;-6.78;6.46943e+17;7.2431e+150;59920;-246.14;0.015453705174420573:0.0056512634142259627:0.006229094864982924:0.018175998543724165:0.017312451996954061:0.01448259412835509:0.01251489668783312:0.031555968368370775:0.025555016066203536:0.034782508992266627:0.018175998543724165:0.0090468201231513872;4.6317e+17;-25.27;-214.09;0.715936;0.616321
GU-508-509;GUUCGUGAUGUAGCAAGGCUAGCUACAACGAAGUGAUUU;-15.5;-240.94;3.61;11.35;0.00285884;1.00496e-08;500AAAUCACUGUUGCUACAUCACGAAC&1GUUCGUGAUGUAGCAAGGCUAGCUACAACGAAGUGAUUU;500||||||||.||||||||||||||||&1||||||||||||||||.|..............|||||||;1.00496e-08;-0.36;-0.4;0.5;0;4.1;-34.3;-30.46;-1.52396;-2.99484;0;502:518:501:500:520:517;506:522:505:504:524:521;33:3:34:35:1:4;37:7:38:39:5:8;-2.21:-1.32:-0.76:-0.61:-0.29:-0.28;1.77:1.35:1.65:1.71:1.37:1.17;0.01:4.23:0.01:0:3.6:4.21;0.05659236926018555:0.11186999905172575:0.068756959619272029:0.062378836539178174:0.10829801663720626:0.14981379880025161;-11.35;1.29798e+11;7.2431e+150;9.95066e+07;-241.21;0.98390560434903551:0.0010454486860450218:0.98390560434903551:1:0.0029056035563335041:0.0010799306132103664;8.35943e+10;-15.77;-214.09;0.644032;0.616321
GU-557-558;UGAGUCACCUGCUACAGGCUAGCUACAACGAGCUGCGAA;-21.74;-243.63;10.26;4.68;5.89147e-08;0.000503741;554AGCGUGUAGCAGGUGACUCA&1UGAGUCACCUGCUACAGGCU;554|||.||||||||||||||||&1||||||||||||||||.|||;0.000503741;-0.09;-0.69;0.5;0.5;4.1;-41;-36.68;-2.13748;-3.60639;0;568:569:566:567:565:564:562:563;572:573:570:571:569:568:566:567;2:1:4:3:5:6:8:7;6:5:8:7:9:10:12:11;-5.25:-2.51:-2.03:-1.8:-1.42:-0.94:-0.61:-0.03;2.49:2.18:2.9:2.41:3.41:3.93:6.12:4.31;0.13:0.13:1:0.13:1.49:1.01:1.53:1.49;0.017595643241008062:0.029097031465530485:0.0090468201231513872:0.020034461481593619:0.0039547688627669967:0.0017009818957105733:4.8696955388527455e-05:0.00091818500453976978;-7.8;5.12873e+13;7.2431e+150;313560;-241.34;0.80983146414286133:0.80983146414286133:0.19739831122490537:0.80983146414286133:0.089137759749932738:0.19422130470321952:0.083536341699200684:0.089137759749932738;2.08561e+15;-19.45;-214.09;40.6653;0.616321
GU-557-558;UGAGUCACCUGCUACAGGCUAGCUACAACGAGCUGCGAA;-6.49;-228.38;1.24;2.57;0.133729;0.0154537;650UUGCUUUGCUUGU&28ACGAGCUGCGA;650||||...||||||&28||||||.||||;0.0154537;-0.8;-0.4;0.5;0.5;4.1;-14.2;-10.3;-0.638099;-1.0127;0;657:658;661:662;29:28;33:32;-2.93:-0.54;0.81:0.77;2.5:2.5;0.26867557106797529:0.28669125338011198;-7.8;5.12873e+13;7.2431e+150;313560;-241.34;0.017312451996954061:0.017312451996954061;37430.1;-19.45;-214.09;7.29813e-10;0.616321
GU-559-560;CCUGAGUCACCUGCUAGGCUAGCUACAACGAACGCUGCG;-24.84;-244.19;12.99;5.26;7.02281e-10;0.000196565;551CGCAGCGUGUAGCAGGUGACUCAGG&1CCUGAGUCACCUGCUAGGCUAGCUACAACGAACGCUGCG;551||||||||.||||||||||||||||&1||||||||||||||||.||..............||||||;0.000196565;-0.09;-0.6;0;0;4.1;-46.5;-43.09;-2.44228;-4.23662;0;568:571:570:552:566:565:569:564:562:551:567:563;572:575:574:556:570:569:573:568:566:555:571:567;4:1:2:34:6:7:3:8:10:35:5:9;8:5:6:38:10:11:7:12:14:39:9:13;-4.17:-3.68:-3.4:-3.01:-2.16:-1.81:-1.64:-1.39:-1.35:-1.32:-0.95:-0.51;2.49:1.92:1.82:2.65:2.9:3.41:2.18:3.93:6.12:4.23:2.41:4.31;1.18:1.06:1.18:1.47:1.12:1.02:1.18:0.24:0.77:1.46:1.06:0.71;0.017595643241008062:0.044366931296699781:0.052182519954704729:0.013572507713803309:0.0090468201231513872:0.0039547688627669967:0.029097031465530485:0.0017009818957105733:4.8696955388527455e-05:0.0010454486860450218:0.020034461481593619:0.00091818500453976978;-5.26;4.32236e+17;7.2431e+150;5087.37;-244.37;0.14740263624838637:0.17908699071616341:0.14740263624838637:0.0920777813697473:0.16247428888705059:0.19109543018147937:0.14740263624838637:0.67745807524064761:0.28669125338011198:0.093583958626465111:0.17908699071616341:0.31600491489568505;3.18911e+17;-25.02;-214.09;0.737816;0.616321
GU-566-567;AGCAAAACCUGAGUCAGGCUAGCUACAACGACUGCUACA;-19.07;-239.36;4.59;3;0.000582943;0.00769184;567UGACUCAGGUUUUGCU&1AGCAAAACCUGAGUCA;567||||||||||||||||&1||||||||||||||||;0.00769184;-0.52;-0.04;0.5;0.5;4.1;-31.2;-26.66;-1.87497;-2.62122;0;578:571:572:577:570:568:573;582:575:576:581:574:572:577;1:8:7:2:9:11:6;5:12:11:6:13:15:10;-2.6:-2.44:-2.26:-1.95:-1.68:-1.35:-0.57;1.58:1.92:1.9:1.59:1.82:2.49:1.87;0.24:2.57:2.19:0.24:2.85:1.95:2.13;0.077026936222095221:0.044366931296699781:0.045830281257289544:0.07578723423475521:0.052182519954704729:0.017595643241008062:0.048116299501510397;-6.2;1.14574e+13;7.2431e+150;23381.4;-238.82;0.67745807524064761:0.015453705174420573:0.028628732328855686:0.67745807524064761:0.0098113503426869447:0.042259046537582633:0.031555968368370775;2.74032e+13;-18.53;-214.09;2.39174;0.616321
GU-566-567;AGCAAAACCUGAGUCAGGCUAGCUACAACGACUGCUACA;-6.31;-226.6;6.31;0.84;3.57781e-05;0.255911;635GUAGCAGU&31ACUGCUAC;635||||||||&31||||||||;0.255911;-1.5;-1.16;0;0.5;4.1;-15.4;-13.46;-0.620401;-1.32339;0;635:638;639:642;34:31;38:35;-1.29:-0.62;4.47:5.36;0.83:0.84;0.00070824765461092532:0.00016712476141705318;-6.2;1.14574e+13;7.2431e+150;23381.4;-238.82;0.26009682410095297:0.25591072290631295;27950.1;-18.53;-214.09;2.43947e-09;0.616321
GU-575-576;ACUGUAUGCAGCAAAAGGCUAGCUACAACGACUGAGUCA;-16.49;-238.96;7.91;8.38;2.66788e-06;1.24445e-06;567UGACUCAGGUUUUGCUGCAUACAGU&1ACUGUAUGCAGCAAAAGGCUAGCUACAACGACUGAGUCA;567||||||||.||||||||||||||||&1||||||||||||||||...............||||||||;1.24445e-06;-0.19;-0.09;0.5;0.5;4.1;-37.6;-32.78;-1.6213;-3.22294;0;568:570:580:569:567:581;572:574:584:573:571:585;34:32:8:33:35:7;38:36:12:37:39:11;-4.43:-3.67:-2.43:-1.9:-1.03:-0.23;2.49:1.82:1.35:2.18:2.41:1.29;0.92:0.88:4.98:0.92:0.92:4.96;0.017595643241008062:0.052182519954704729:0.11186999905172575:0.029097031465530485:0.020034461481593619:0.12330850387978151;-8.38;8.20561e+11;7.2431e+150;803567;-239.37;0.22475841369357205:0.23982928955321148:0.00030960666106483268:0.22475841369357205:0.22475841369357205:0.00031981838592445248;4.16665e+11;-16.9;-214.09;0.50778;0.616321
GU-590-591;GCCAAUCCUGUAGCGAGGCUAGCUACAACGAUGUAUGCA;-21.16;-245.6;6.9;10.35;1.37363e-05;5.09102e-08;582UGCAUACAGUCGCUACAGGAUUGGC&1GCCAAUCCUGUAGCGAGGCUAGCUACAACGAUGUAUGCA;582||||||||.||||||||||||||||&1||||||||||||||||...............||||||||;5.09102e-08;-0.1;-1.51;0.5;0;4.1;-41.4;-38.41;-2.08046;-3.77648;0;602:583:593:582:597:596:584:594:598;606:587:597:586:601:600:588:598:602;1:34:10:35:6:7:33:9:5;5:38:14:39:10:11:37:13:9;-2.43:-2.21:-1.73:-1.68:-1.32:-0.99:-0.7:-0.52:-0.03;2.52:1.3:0.83:1.31:1.09:1.47:0.77:0.82:1.13;2.15:1.4:3.58:1.32:3.85:3.97:1.51:3.75:3.04;0.016759669529719572:0.12132392803121181:0.26009682410095297:0.11937129273154835:0.17057851994178658:0.0920777813697473:0.28669125338011198:0.26435140012545855:0.15985936339859338;-10.35;1.41681e+15;7.2431e+150;1.96424e+07;-245.94;0.030548393817191644:0.10315274893352894:0.0030014387814748561:0.11745008391695971:0.0019367439884822981:0.0015940921699497815:0.086291612319921565:0.002277916882514921:0.0072084856125319225;8.13829e+14;-21.5;-214.09;0.574408;0.616321
GU-635-636;AAUAUUGUCACUGCUAGGCUAGCUACAACGAUGGAAUGG;-15.53;-235.63;8.68;6.01;7.64858e-07;5.82122e-05;627CCAUUCCAGUAGCAGUGACAAUAU&2AUAUUGUCACUGCUAGGCUAGCUACAACGAUGGAAUGG;627||||||||.|||||||||||||||&2|||||||||||||||...............||||||||;5.82122e-05;-0.5;-0.12;0;0.5;4.1;-34.2;-30.22;-1.52691;-2.97124;0;641:627:628:640:642:643;645:631:632:644:646:647;7:35:34:8:6:5;11:39:38:12:10:9;-2.46:-1.77:-1.6:-0.82:-0.63:-0.19;1.36:1.87:2.28:1.24:1.36:0.99;3.01:0.01:0.01:1.69:3.13:3.14;0.11006951902551425:0.048116299501510397:0.024739050492189045:0.13372907997817871:0.11006951902551425:0.20062728614652683;-6.01;2.30714e+11;7.2431e+150;17178.5;-236.22;0.0075680454749499819:0.98390560434903551:0.98390560434903551:0.064436271329535916:0.006229094864982924:0.0061288413476784974;8.7764e+10;-16.12;-214.09;0.380402;0.616321
GU-641-642;CAAAGCAAUAUUGUCAGGCUAGCUACAACGAUGCUACUG;-16.18;-236.82;7.04;6.53;1.09451e-05;2.50376e-05;635GUAGCAGUGACAAUAUUGCUUUG&1CAAAGCAAUAUUGUCAGGCUAGCUAC;635|||||||||||||||||||||||&1|||||||||||||||..|||.|||||;2.50376e-05;-1.5;-0.25;0;0;4.1;-32.1;-29.75;-1.59082;-2.92503;0;651:652:649:650:643;655:656:653:654:647;3:2:5:4:11;7:6:9:8:15;-1.51:-1.32:-1.24:-1.2:-0.43;0.84:1.12:0.94:0.76:0.99;2.44:2.44:2.45:2.43:2.81;0.25591072290631295:0.16247428888705059:0.2175819310973979:0.29138085209890696:0.20062728614652683;-6.55;2.61646e+11;7.2431e+150;41257.3;-236.84;0.019082618864132456:0.019082618864132456:0.018775495646076539:0.019394765900086271:0.010469237362799389;2.51967e+11;-16.2;-214.09;0.963008;0.616321
GU-661-662;CUUACUGUAGGCUAGCUACAACGAAAGCAAAG;-10.63;-229.73;2.46;5.01;0.0184733;0.000294897;650UUGCUUUGCUUGUACAGUAAG&1CUUACUGUAGGCUAGCUACAACGAAAGCAA;650||||||||||..|||||||||&1|||||||||....|||.......|||||||;0.000294897;-0.8;0;0.5;0;4.1;-21.9;-18.1;-1.06588;-1.8149;0;652:651:650:666:662:663:664;656:655:654:670:666:667:668;24:25:26:1:5:4:3;28:29:30:5:9:8:7;-3.94:-3.81:-3.7:-1.22:-1.14:-1.11:-1.06;1.12:0.84:0.76:1.15:1.13:1.09:1.18;0.19:0.12:0.11:0.17:2.39:2.28:2.27;0.16247428888705059:0.25591072290631295:0.29138085209890696:0.15475509201487742:0.15985936339859338:0.17057851994178658:0.14740263624838637;-5.01;4.86865e+07;7.2431e+150;3391.01;-230;0.73470881792585185:0.82307841378610314:0.83654205255865199:0.75894164377911799:0.020695256077087946:0.024739050492189045:0.025143723526767289;3.09385e+07;-10.9;-214.09;0.635464;0.616321
GU-666-667;CUUAGGCUAGCUACAACGAUGUACAAG;-10.19;-225.71;11.01;1.43;1.74474e-08;0.0982519;259CUUGUAGGCUUGAUGUGGCUCAGCU&5GGCUAGCUACAACGAUGUACAAG;259||||||.|.|||.|||||||.||||&5|||||||||||.||||.||||||;0.0982519;-0.08;-0.75;0;0.5;4.1;-26.4;-22.63;-1.03947;-2.30845;0;273:259;277:263;10:23;14:27;-1.85:-0.56;3.6:1.77;1.3:0.64;0.0029056035563335041:0.05659236926018555;-1.43;1.73204e+07;7.2431e+150;10.1779;-225.79;0.12132392803121181:0.35401347820382689;1.51513e+07;-10.27;-214.09;0.874766;0.616321
