id2,seq2,E_1,ED1_1,ED2_1,Pu1_1,Pu2_1,E_hybrid_1,P_E_1,seedNumber_1,seedEbest_1,E_2,ED1_2,ED2_2,Pu1_2,Pu2_2,E_hybrid_2,P_E_2,seedNumber_2,seedEbest_2,E_3,ED1_3,ED2_3,Pu1_3,Pu2_3,E_hybrid_3,P_E_3,seedNumber_3,seedEbest_3,E_diff_12,pumin1_4u,pumin5_8u,pumin1_4d,pumin5_8d
AU-108-109,UGUUGGCAUAGGCAAAGGCUAGCUACAACGAUGUAGAAG,-15.11,7.61,11.02,2.42138e-06,7.37212e-09,-33.74,0.927342,11,-4.74,-20.49,9.03,11.02,2.16845e-07,7.37212e-09,-40.54,0.661565,15,-4.74,-4.24,5.44,9.1,9.67061e-05,1.92527e-07,-18.78,0.253262,1.0,-0.55,-5.379999999999999,0.03400346,0.837716,0.1403066,0.007353173
AU-116-117,CCUAUUCCUGUUGGCAGGCUAGCUACAACGAAGGCAAAU,-13.75,5.66,5.07,6.65428e-05,0.000181344,-24.48,0.475305,5,-1.81,-22.98,6.79,5.08,9.75432e-06,0.000178288,-34.85,0.860749,7,-2.4,-10.74,6.04,6.04,3.48878e-05,3.48878e-05,-22.82,0.738947,2.0,-0.72,-9.23,0.007353173,0.08310504,0.1465196,0.8465913
AU-128-129,UAUAUACAAAAACCUAGGCUAGCUACAACGAUCCUGUUG,-14.84,8.24,4.79,8.30125e-07,0.000291832,-27.87,185.643,8,-3.36,-20.19,9.27,4.79,1.44224e-07,0.000291832,-34.25,167.884,11,-3.36,-14.35,1.04,1.04,0.17081,0.17081,-16.43,0.9214,4.0,-5.78,-5.350000000000001,0.03283135,0.1511576,0.06639791,0.2310925
AU-140-141,AAUUAACUUAAUUAUAGGCUAGCUACAACGAACAAAAAC,-10.23,6.21,2.13,2.61348e-05,0.0267996,-18.57,0.876778,5,-1.65,-14.61,6.25,2.13,2.44174e-05,0.0267996,-22.99,0.626837,7,-1.65,-13.01,1.71,1.71,0.054711,0.054711,-16.43,0.932705,4.0,-5.42,-4.379999999999999,0.009202158,0.1219032,0.4624815,0.2978814
AU-142-143,AAAAUUAACUUAAUUAGGCUAGCUACAACGAAUACAAAA,-9.81,1.82,1.17,0.0453835,0.136955,-12.8,2.02414,5,-2.07,-14.05,2.05,1.17,0.0307019,0.136955,-17.27,1.51657,5,-2.07,-14.31,1.06,1.06,0.165103,0.165103,-16.43,0.926654,4.0,-6.38,-4.24,0.009202158,0.3410842,0.4864978,0.1022481
AU-145-146,AGGAAAAUUAACUUAAGGCUAGCUACAACGAUAUAUACA,-10.91,5.45,1.1,9.50767e-05,0.154254,-17.46,0.413075,8,-1.93,-20.26,5.58,1.1,7.62322e-05,0.154254,-26.94,0.403816,11,-5.46,-15.05,0.67,0.67,0.320303,0.320303,-16.39,0.882019,4.0,-7.28,-9.350000000000001,0.4624815,0.009202158,0.1728408,0.1022481
AU-154-155,AACAGCCAGAGGAAAAGGCUAGCUACAACGAUAACUUAA,-18.5,3.88,6.33,0.00136988,2.13139e-05,-28.71,1.91239,8,-7.16,-25.32,5.02,6.33,0.000197424,2.13139e-05,-36.67,1.39973,11,-7.16,-2.97,1.93,0.23,0.0376462,0.676499,-5.13,0.254527,1.0,-2.97,-6.82,0.1022481,0.1728408,0.5907207,0.1191349
AU-171-172,CUAAAGUUACUGGCCAGGCUAGCUACAACGAAACAGCCA,-15.38,6.37,2.93,1.99133e-05,0.00688262,-24.68,0.494798,4,-3.41,-21.04,7.44,2.93,3.23235e-06,0.00688262,-31.41,0.501292,5,-3.41,-13.37,8.92,8.92,2.61412e-07,2.61412e-07,-31.21,76.6666,4.0,-1.85,-5.659999999999998,0.06482246,0.01023411,0.01894705,0.008411577
AU-217-218,CCGGUGAUCCAAUUUAGGCUAGCUACAACGAUCUGUAAA,-13.48,3.97,4.33,0.00117562,0.000637674,-21.78,1.18932,5,-3.95,-25.29,5.48,4.36,9.03515e-05,0.000605981,-35.13,1.53551,9,-4.71,-10.71,6.62,6.62,1.30212e-05,1.30212e-05,-23.95,5.12525,4.0,-3.74,-11.809999999999999,0.1373136,0.3620439,0.348923,0.06504086
AU-22-23,AGCUCUUCAACGGUAAGGCUAGCUACAACGAAGUACCGU,-8.4,11.02,8.21,7.37212e-09,8.73539e-07,-27.63,0.36264,7,-2.68,-14.8,18.97,8.21,1.00172e-14,8.73539e-07,-41.98,14.9043,7,-2.68,-12.73,1.79,1.79,0.047757,0.047757,-16.31,0.823209,4.0,-4.86,-6.4,0.09294126,0.0002265615,0.3462424,0.003297787
AU-221-222,UCCACCGGUGAUCCAAGGCUAGCUACAACGAUUAUUCUG,-20.32,5.81,6.68,5.1571e-05,1.17591e-05,-32.81,0.995519,8,-3.31,-29.24,7.24,6.68,4.54058e-06,1.17591e-05,-43.16,0.767995,12,-6.01,-13.87,6.68,6.68,1.17591e-05,1.17591e-05,-27.23,4.37345,4.0,-7.6,-8.919999999999998,0.4268302,0.1373136,0.06504086,0.8747501
AU-226-227,GCAAUUCCACCGGUGAGGCUAGCUACAACGACCAAUUUA,-20.37,7.37,4.78,3.64062e-06,0.000296833,-32.52,10.7658,10,-5.75,-30.0,8.33,4.78,7.12404e-07,0.000296833,-43.11,16.2713,13,-5.75,-15.23,4.76,4.76,0.000307095,0.000307095,-24.75,5.07289,4.0,-5.18,-9.629999999999999,0.06504086,0.348923,0.1697735,0.0320768
AU-238-239,GCCAUUGCGAUAGCAAGGCUAGCUACAACGAUCCACCGG,-12.93,10.26,13.66,2.68193e-08,8.30532e-11,-36.85,0.404559,4,-5.35,-24.53,11.77,13.66,2.06118e-09,8.30532e-11,-49.96,0.988879,4,-5.35,-6.66,0.0,0.0,1.0,1.0,-6.66,0.555836,2.0,-6.12,-11.600000000000001,0.05287162,0.0320768,0.03515222,0.354635
AU-244-245,AGACAAGCCAUUGCGAGGCUAGCUACAACGAAGCAAUUC,-14.3,7.41,6.81,3.40139e-06,9.42839e-06,-28.52,1.37246,5,-5.3,-23.63,8.27,6.81,7.88868e-07,9.42839e-06,-38.71,3.17152,8,-5.3,-10.94,6.82,6.82,9.26954e-06,9.26954e-06,-24.58,5027.83,2.0,-4.37,-9.329999999999998,0.03515222,0.2420319,0.1620004,0.2543576
AU-250-251,CCUACAAGACAAGCCAGGCUAGCUACAACGAUGCGAUAG,-22.34,8.52,4.22,5.15837e-07,0.000768732,-35.08,0.977086,12,-4.7,-28.63,11.37,4.22,4.06727e-09,0.000768732,-44.22,0.966404,16,-4.7,-8.83,3.66,3.66,0.00199084,0.00199084,-16.15,0.7647,4.0,-3.07,-6.289999999999999,0.1620004,0.03515222,0.1799865,0.1642674
AU-271-272,AAGUAGCUGAGCCACAGGCUAGCUACAACGACAAGCCUA,-9.07,6.34,0.08,2.09548e-05,0.872896,-15.49,0.428876,4,-5.19,-13.28,3.19,0.08,0.00442468,0.872896,-16.55,0.336624,4,-5.68,0.0,999999.0,999999.0,0.0,0.0,0.0,0.0,0.0,0.0,-4.209999999999999,0.01604684,0.01730265,0.01220653,0.01644221
AU-289-290,AGUCUGAAAGAAGCAAGGCUAGCUACAACGAGAAGUAGC,-13.48,2.17,0.14,0.0250386,0.788287,-15.79,0.300793,6,-7.35,-22.23,5.76,13.04,5.61441e-05,2.38175e-10,-41.03,1.47638,11,-7.35,0.0,999999.0,999999.0,0.0,0.0,0.0,0.0,0.0,0.0,-8.75,0.08285136,0.01148616,0.1206006,0.1982281
AU-325-326,GGAUUGAAUGACCACAGGCUAGCUACAACGAGGAACGCG,-23.26,9.15,4.35,1.76845e-07,0.000616367,-36.76,0.786385,12,-5.61,-32.36,9.75,4.35,6.37987e-08,0.000616367,-46.46,0.933002,16,-5.61,-11.59,2.4,2.4,0.0169386,0.0169386,-16.39,0.932894,4.0,-3.98,-9.099999999999998,0.2539306,0.03565769,0.07266435,0.1063088
AU-333-334,UAGUUUCUGGAUUGAAGGCUAGCUACAACGAGACCACAU,-17.48,5.46,8.62,9.34748e-05,4.35227e-07,-31.56,0.653435,11,-5.56,-24.56,6.2,8.62,2.65826e-05,4.35227e-07,-39.38,0.688795,12,-5.56,-11.07,8.62,8.62,4.35227e-07,4.35227e-07,-28.31,3.58927,4.0,-3.2,-7.079999999999998,0.07266435,0.126175,0.4021021,0.8563063
AU-338-339,AAUGUUAGUUUCUGGAGGCUAGCUACAACGAUGAAUGAC,-14.35,5.09,9.25,0.000175284,1.49209e-07,-28.69,0.75983,7,-5.38,-21.39,5.35,9.25,0.000112686,1.49209e-07,-35.99,0.644737,7,-5.38,-16.64,9.09,9.09,1.95826e-07,1.95826e-07,-34.82,328899000.0,2.0,-4.01,-7.040000000000001,0.4021021,0.1063088,0.5352818,0.06456877
AU-352-353,GGCACGUUGAGAAGAAGGCUAGCUACAACGAGUUAGUUU,-17.77,1.92,0.33,0.0382914,0.570782,-20.02,0.456186,7,-6.39,-28.51,3.37,0.33,0.00325873,0.570782,-32.21,0.516572,11,-7.12,-9.29,3.57,3.57,0.00231982,0.00231982,-16.43,0.919647,4.0,-2.51,-10.740000000000002,0.664893,0.06456877,0.4499157,0.8806262
AU-374-375,GGUCAGAAUAGUGCCAGGCUAGCUACAACGAGGAGUGGC,-17.02,9.73,11.89,6.60041e-08,1.68097e-09,-38.64,34.65,9,-4.44,-30.33,9.74,11.89,6.4892e-08,1.68097e-09,-51.96,346.403,13,-6.65,-3.55,6.27,6.27,2.36015e-05,2.36015e-05,-16.09,0.804167,2.0,-0.01,-13.309999999999999,0.9200895,0.01596648,0.01961914,0.05231605
AU-382-383,AGCGGUCUGGUCAGAAGGCUAGCUACAACGAAGUGCCAU,-19.51,5.71,11.5,6.11227e-05,3.26113e-09,-36.72,0.702195,12,-6.83,-26.73,9.69,11.5,7.06463e-08,3.26113e-09,-47.92,0.549032,16,-6.83,0.0,999999.0,999999.0,0.0,0.0,0.0,0.0,0.0,0.0,-7.219999999999999,0.0271256,0.01961914,0.2699967,0.2081122
AU-418-419,AGGAUCACAGCUCCGAGGCUAGCUACAACGAUACGAGUU,-21.94,6.83,6.28,9.11336e-06,2.32039e-05,-35.05,0.538361,12,-4.9,-31.46,7.51,6.28,2.86986e-06,2.32039e-05,-45.25,0.492705,16,-5.6,-11.67,2.3,2.3,0.0200758,0.0200758,-16.27,0.70665,4.0,-4.03,-9.52,0.1847613,0.2006714,0.03036597,0.02514099
AU-430-431,AGAUGUCCACGAAGGAGGCUAGCUACAACGACACAGCUC,-20.53,10.69,8.52,1.29158e-08,5.15837e-07,-39.74,0.984368,8,-3.94,-27.24,11.69,8.52,2.36131e-09,5.15837e-07,-47.45,0.803652,9,-3.94,-5.05,4.93,4.93,0.000230048,0.000230048,-14.91,0.278114,4.0,-0.93,-6.709999999999997,0.1212125,0.02514099,0.05726644,0.838187
AU-443-444,UCCAGCAAUACGAAGAGGCUAGCUACAACGAGUCCACGA,-20.03,9.53,5.24,9.27181e-08,0.000135846,-34.8,0.827762,12,-4.36,-28.98,10.99,5.24,7.75767e-09,0.000135846,-45.21,0.741869,16,-6.33,-8.57,5.21,5.21,0.000142951,0.000142951,-18.99,1.27297,4.0,-0.68,-8.95,0.01971317,0.838187,0.06386393,0.09597038
AU-451-452,AGAUGGUGUCCAGCAAGGCUAGCUACAACGAACGAAGAU,-21.85,7.87,6.47,1.55665e-06,1.68015e-05,-36.19,0.807604,12,-4.15,-28.78,8.67,6.47,3.99776e-07,1.68015e-05,-43.92,0.754359,16,-4.15,-8.15,4.1,4.1,0.000942608,0.000942608,-16.35,0.842872,4.0,-2.29,-6.93,0.09597038,0.06386393,0.08370468,0.03416671
AU-464-465,GUCACAGCGUCCUAGAGGCUAGCUACAACGAGGUGUCCA,-21.34,7.12,12.1,5.56759e-06,1.17649e-09,-40.56,0.722556,10,-2.34,-32.6,7.17,12.1,5.1141e-06,1.17649e-09,-51.87,0.723052,13,-3.17,-8.43,12.1,12.1,1.17649e-09,1.17649e-09,-32.63,0.979702,4.0,-4.06,-11.260000000000002,0.222602,0.03416671,0.1256009,0.06875885
AU-481-482,UUAGGCAGGUCCUUGAGGCUAGCUACAACGAGUCACAGC,-23.55,8.06,8.59,1.12714e-06,4.57988e-07,-40.2,0.986534,12,-7.76,-31.71,8.55,8.59,4.902e-07,4.57988e-07,-48.85,0.880708,16,-7.76,-11.99,8.59,8.59,4.57988e-07,4.57988e-07,-29.17,3298.37,2.0,-1.59,-8.16,0.188119,0.1400586,0.1800913,0.06795541
AU-502-503,GAUGUAGCAACAGUGAGGCUAGCUACAACGAUUCUUUAG,-10.24,7.03,11.05,6.48761e-06,7.00573e-09,-28.32,0.806103,7,-3.51,-21.54,7.17,11.05,5.1141e-06,7.00573e-09,-39.76,0.940806,7,-3.51,-1.25,1.09,0.03,0.156897,0.950301,-2.37,0.492647,1.0,-1.25,-11.299999999999999,0.2636176,0.3594118,0.08265043,0.2347662
AU-516-517,AAGAAAGCGUUCGUGAGGCUAGCUACAACGAGUAGCAAC,-18.5,3.32,4.91,0.00354769,0.000238,-26.73,54.8246,8,-4.73,-25.85,4.01,4.91,0.00109837,0.000238,-34.77,68.8143,9,-4.73,0.0,999999.0,999999.0,0.0,0.0,0.0,0.0,0.0,0.0,-7.350000000000001,0.25831,0.2294261,0.1853361,0.1051977
AU-533-534,AGCUCCCAAUUUGUAAGGCUAGCUACAACGAAAGAAAGC,-14.61,5.8,6.11,5.24548e-05,3.09753e-05,-26.52,0.937104,9,-3.55,-20.46,11.04,6.11,7.12579e-09,3.09753e-05,-37.61,0.60197,12,-3.55,-13.41,6.11,6.11,3.09753e-05,3.09753e-05,-25.63,9.43023,6.0,-5.3,-5.850000000000001,0.03324412,0.07633417,0.8685954,0.860642
AU-540-541,GCUGCGAAGCUCCCAAGGCUAGCUACAACGAUUGUAAUA,-10.21,11.6,1.22,2.75151e-09,0.1258,-23.03,0.565024,4,-2.31,-18.17,14.26,9.96,2.99623e-11,4.46517e-08,-42.39,2.05439,8,-2.95,-6.9,1.73,1.73,0.0528829,0.0528829,-10.36,0.875674,4.0,-0.8,-7.960000000000001,0.8912986,0.8477655,0.007705345,0.0005083462
AU-57-58,CUAUUACUAGGUUCCAGGCUAGCUACAACGAUGUUCAAG,-15.15,9.25,5.9,1.49209e-07,4.42577e-05,-30.3,0.728159,5,-5.49,-19.75,13.23,5.9,1.72458e-10,4.42577e-05,-38.88,0.942912,6,-5.49,-2.56,0.43,0.43,0.481586,0.481586,-3.42,0.836713,2.0,-0.8,-4.6,0.4588321,0.4595543,0.004059117,0.000757282
AU-585-586,UCCUGUAGCGACUGUAGGCUAGCUACAACGAGCAGCAAA,-15.94,5.77,4.07,5.51981e-05,0.000991905,-25.78,0.702521,7,-3.71,-24.59,6.94,4.07,7.55965e-06,0.000991905,-35.6,0.805851,11,-4.58,-7.15,12.54,12.54,5.57033e-10,5.57033e-10,-32.23,3751.86,1.0,-1.32,-8.65,0.1191974,0.4202896,0.2531279,0.1191295
AU-601-602,AAUUUAUAGUUGCCAAGGCUAGCUACAACGACCUGUAGC,-16.58,3.65,3.78,0.00202496,0.00162361,-24.01,12.4737,8,-3.42,-21.47,3.7,3.78,0.00186002,0.00162361,-28.95,11.4517,12,-3.42,0.0,999999.0,999999.0,0.0,0.0,0.0,0.0,0.0,0.0,-4.890000000000001,0.2377461,0.2018393,0.01996459,0.3111377
AU-611-612,GUCUGUGUUUAAUUUAGGCUAGCUACAACGAAGUUGCCA,-14.33,0.04,0.45,0.934289,0.465494,-14.82,0.686387,8,-5.92,-22.74,1.38,0.45,0.0958526,0.465494,-24.57,0.655848,12,-7.8,-3.08,1.79,1.79,0.047757,0.047757,-6.66,0.55026,2.0,-2.54,-8.409999999999998,0.6758911,0.01996459,0.9488316,0.9804482
AU-615-616,AAUGGUCUGUGUUUAAGGCUAGCUACAACGAUUAUAGUU,-12.8,2.0,9.1,0.0334244,1.92527e-07,-23.9,0.566196,9,-4.81,-19.36,2.72,9.1,0.00983393,1.92527e-07,-31.18,0.362619,11,-4.81,-11.43,9.1,9.1,1.92527e-07,1.92527e-07,-29.63,16.7866,4.0,-3.23,-6.559999999999999,0.9488316,0.6758911,0.9804482,0.9806649
AU-629-630,GUCACUGCUACUGGAAGGCUAGCUACAACGAGGUCUGUG,-21.14,9.53,7.73,9.27181e-08,1.97473e-06,-38.4,0.984738,7,-7.23,-32.49,9.59,7.73,8.3731e-08,1.97473e-06,-49.81,0.987751,9,-7.23,-9.69,7.73,7.73,1.97473e-06,1.97473e-06,-25.15,0.962204,4.0,-4.92,-11.350000000000001,0.09550589,0.8165412,0.00124752,0.03143287
AU-647-648,UACAAGCAAAGCAAUAGGCUAGCUACAACGAUGUCACUG,-16.65,4.37,6.62,0.000595771,1.30212e-05,-27.64,0.583791,10,-6.75,-23.77,4.57,6.62,0.000424117,1.30212e-05,-34.96,0.542233,14,-6.75,-7.6,0.49,0.49,0.434906,0.434906,-8.58,0.810897,2.0,-3.28,-7.120000000000001,0.231068,0.01695389,0.4575083,0.2897219
AU-649-650,UGUACAAGCAAAGCAAGGCUAGCUACAACGAAUUGUCAC,-18.0,4.32,7.97,0.000648602,1.31339e-06,-30.29,0.984397,10,-6.01,-25.69,4.85,7.97,0.000263545,1.31339e-06,-38.51,0.865595,13,-6.01,-5.89,7.97,7.97,1.31339e-06,1.31339e-06,-21.83,1.5795,2.0,-0.12,-7.690000000000001,0.4238693,0.231068,0.2897219,0.3407158
AU-70-71,AGGAAUAGGAAACCUAGGCUAGCUACAACGAUACUAGGU,-10.18,7.61,9.11,2.42138e-06,1.89283e-07,-26.9,0.785718,5,-4.0,-18.25,9.8,9.16,5.86021e-08,1.73865e-07,-37.21,0.780692,9,-4.55,-8.31,0.98,0.98,0.189143,0.189143,-10.27,0.954249,2.0,-5.63,-8.07,0.06101917,0.000757282,0.01238221,0.04516097
AU-81-82,AAAUCCAUGUAAGGAAGGCUAGCUACAACGAAGGAAACC,-19.84,8.23,5.33,8.44351e-07,0.000116582,-33.4,0.990734,12,-3.31,-25.02,8.39,5.33,6.43351e-07,0.000116582,-38.74,0.846415,15,-3.31,-13.77,1.33,1.33,0.104352,0.104352,-16.43,0.924383,4.0,-5.91,-5.18,0.04516097,0.01784823,0.1229958,0.7603243
AU-90-91,GUAGAAGACAAAUCCAGGCUAGCUACAACGAGUAAGGAA,-16.98,5.44,6.68,9.67061e-05,1.17591e-05,-29.1,0.630518,10,-5.76,-25.73,7.8,6.68,1.75327e-06,1.17591e-05,-40.21,0.732711,14,-5.76,-7.15,4.6,4.6,0.000403039,0.000403039,-16.35,0.922568,4.0,-0.09,-8.75,0.7603243,0.1229958,0.03599368,0.3829755
AU-94-95,AAUUGUAGAAGACAAAGGCUAGCUACAACGACCAUGUAA,-16.12,6.2,6.67,2.65826e-05,1.19606e-05,-28.99,0.5776,11,-5.15,-20.29,6.35,6.67,2.06017e-05,1.19606e-05,-33.31,0.394071,12,-5.15,-7.19,4.21,4.21,0.000781906,0.000781906,-15.61,0.779076,4.0,-2.35,-4.169999999999998,0.03599368,0.7603243,0.3829755,0.5986986
GU-132-133,UAAUUAUAUACAAAAAGGCUAGCUACAACGACUAUUCCU,-10.32,8.34,3.32,7.00401e-07,0.00354769,-21.98,0.714222,7,-1.46,-14.46,9.18,3.32,1.68056e-07,0.00354769,-26.96,0.632296,11,-1.46,-9.97,3.23,3.23,0.00413393,0.00413393,-16.43,0.907974,4.0,-2.26,-4.140000000000001,0.06639791,0.03283135,0.2310925,0.009202158
GU-138-139,UUAACUUAAUUAUAUAGGCUAGCUACAACGAAAAAACCU,-11.14,6.68,2.25,1.17591e-05,0.0218561,-20.07,0.923516,3,-1.05,-16.22,6.77,2.26,1.00915e-05,0.0214878,-25.25,0.66361,10,-3.91,-11.99,2.22,2.22,0.0229991,0.0229991,-16.43,0.91455,4.0,-4.95,-5.079999999999998,0.3410842,0.06639791,0.02499163,0.4864978
GU-150-151,GCCAGAGGAAAAUUAAGGCUAGCUACAACGAUUAAUUAU,-13.68,2.3,0.95,0.0200758,0.199035,-16.93,58.7146,4,-6.22,-21.99,4.05,5.31,0.00102619,0.000120612,-31.35,0.758446,12,-6.22,-7.99,3.14,3.14,0.00481704,0.00481704,-14.27,0.314203,4.0,-2.45,-8.309999999999999,0.1728408,0.4624815,0.1207112,0.5907207
GU-168-169,AAGUUACUGGCCAUAAGGCUAGCUACAACGAAGCCAGAG,-12.89,3.78,0.05,0.00162361,0.918547,-16.72,0.786977,4,-7.36,-15.18,13.7,14.21,7.75957e-11,3.26193e-11,-43.09,0.632377,3,-7.36,-3.5,7.42,0.04,3.34408e-06,0.934289,-10.96,0.328989,1.0,-3.5,-2.289999999999999,0.01023411,0.04495285,0.6755944,0.01894705
GU-17-18,UUCAACGGUAAUAGUAGGCUAGCUACAACGACGUUGGAA,-3.76,5.49,10.47,8.88291e-05,1.87704e-08,-19.72,15.2976,1,-1.95,-9.9,6.4,10.48,1.89236e-05,1.84542e-08,-26.78,7661.45,1,-1.95,-7.93,14.85,14.85,1.09945e-11,1.09945e-11,-37.63,920.935,1.0,-2.07,-6.140000000000001,0.0002265615,0.02444442,0.09294126,0.3462424
GU-178-179,AAACAAGCUAAAGUUAGGCUAGCUACAACGAUGGCCAUA,-11.16,2.94,1.24,0.00676665,0.121596,-15.34,0.315049,7,-3.62,-14.66,8.04,1.24,1.1661e-06,0.121596,-23.94,0.440283,10,-3.62,-9.29,10.56,10.56,1.61086e-08,1.61086e-08,-30.41,213.983,2.0,-2.33,-3.5,0.01894705,0.07473051,0.5032492,0.08943929
GU-191-192,AGCAGCAAGCACAAAAGGCUAGCUACAACGAAAGCUAAA,-13.34,5.12,3.08,0.000166573,0.00533407,-21.54,0.688982,7,-3.15,-21.83,5.85,3.61,4.81822e-05,0.00216738,-31.29,0.580694,11,-8.41,0.0,999999.0,999999.0,0.0,0.0,0.0,0.0,0.0,0.0,-8.489999999999998,0.09294257,0.08943929,0.1836945,0.04697659
GU-196-197,UAAACAGCAGCAAGCAGGCUAGCUACAACGAAAAACAAG,-14.05,5.8,8.12,5.24548e-05,1.01789e-06,-27.97,0.968991,5,-5.72,-18.88,6.18,8.12,2.75016e-05,1.01789e-06,-33.18,0.815349,7,-5.72,0.0,999999.0,999999.0,0.0,0.0,0.0,0.0,0.0,0.0,-4.829999999999998,0.1836945,0.02808641,0.04697659,0.3239735
GU-208-209,CAAUUUAUUCUGUAAAGGCUAGCUACAACGAAGCAGCAA,-13.57,4.35,8.3,0.000616367,7.49662e-07,-26.22,0.44166,10,-4.32,-20.4,5.07,8.3,0.000181344,7.49662e-07,-33.77,0.575456,11,-4.32,-4.12,0.82,0.82,0.248237,0.248237,-5.76,0.864847,2.0,-0.49,-6.829999999999998,0.6120792,0.3239735,0.3620439,0.1373136
GU-233-234,UGCGAUAGCAAUUCCAGGCUAGCUACAACGACGGUGAUC,-17.04,7.85,7.62,1.61046e-06,2.38058e-06,-32.51,0.819978,7,-6.21,-26.7,10.28,7.62,2.59232e-08,2.38058e-06,-44.6,0.81632,9,-6.21,-11.17,2.57,2.57,0.0126888,0.0126888,-16.31,0.917426,4.0,-3.75,-9.66,0.1389711,0.1128312,0.05287162,0.07546693
GU-257-258,CAUCAAGCCUACAAGAGGCUAGCUACAACGAAAGCCAUU,-12.34,6.7,3.34,1.13662e-05,0.00342915,-22.38,0.669304,6,-2.13,-21.24,7.27,3.34,4.31492e-06,0.00342915,-31.85,0.756416,8,-2.64,0.0,999999.0,999999.0,0.0,0.0,0.0,0.0,0.0,0.0,-8.899999999999999,0.1799865,0.2543576,0.2907825,0.02540294
GU-262-263,AGCCACAUCAAGCCUAGGCUAGCUACAACGAAAGACAAG,-16.25,8.97,6.14,2.40119e-07,2.94358e-05,-31.36,0.608421,11,-5.23,-25.51,12.02,6.14,1.3478e-09,2.94358e-05,-43.67,0.721798,15,-5.23,-13.77,4.95,4.95,0.000222361,0.000222361,-23.67,0.817769,6.0,-6.37,-9.260000000000002,0.2907825,0.1642674,0.01730265,0.01604684
GU-273-274,UGAAGUAGCUGAGCCAGGCUAGCUACAACGAAUCAAGCC,-11.33,6.53,9.6,1.51729e-05,8.23203e-08,-27.46,0.523774,2,-2.16,-19.07,6.56,9.6,1.44188e-05,8.23203e-08,-35.23,0.591441,2,-2.16,0.0,999999.0,999999.0,0.0,0.0,0.0,0.0,0.0,0.0,-7.74,0.09603903,0.01604684,0.01220653,0.0174301
GU-28-29,UUUUUAAGCUCUUCAAGGCUAGCUACAACGAGGUAAUAG,-8.83,13.79,6.44,6.65918e-11,1.76801e-05,-29.06,0.555501,3,-2.7,-13.29,2.66,1.68,0.0108894,0.0575723,-17.63,0.751293,6,-1.54,-11.55,6.44,6.44,1.76801e-05,1.76801e-05,-24.43,39.3802,4.0,-1.89,-4.459999999999999,0.3462424,0.9933704,0.01185842,0.0004590122
GU-306-307,AACGCGUACGCGCAAAGGCUAGCUACAACGAAGUCUGAA,-16.55,7.54,9.47,2.72723e-06,1.0267e-07,-33.56,0.65232,9,-4.79,-25.07,7.94,9.47,1.38208e-06,1.0267e-07,-42.48,0.427315,13,-4.79,-15.51,4.4,4.4,0.000566162,0.000566162,-24.31,0.97155,6.0,-1.09,-8.52,0.07361965,0.118611,0.09650718,0.04249252
GU-314-315,CCACAUGGAACGCGUAGGCUAGCUACAACGAGCGCAAAC,-19.72,5.14,5.21,0.000161007,0.000142951,-30.07,3.32745,8,-4.04,-26.81,10.48,5.21,1.84542e-08,0.000142951,-42.5,1.10439,12,-4.68,-11.15,2.64,2.64,0.0112659,0.0112659,-16.43,0.84363,4.0,-5.16,-7.09,0.04249252,0.2637551,0.05244919,0.03565769
GU-320-321,GAAUGACCACAUGGAAGGCUAGCUACAACGAGCGUACGC,-22.49,10.62,7.02,1.45472e-08,6.59879e-06,-40.13,0.988472,10,-5.63,-30.41,10.97,7.02,8.02584e-09,6.59879e-06,-48.4,0.988284,14,-5.63,-8.27,4.17,4.17,0.000836899,0.000836899,-16.61,0.857696,4.0,-2.55,-7.920000000000002,0.03565769,0.04249252,0.2539306,0.126175
GU-327-328,CUGGAUUGAAUGACCAGGCUAGCUACAACGAAUGGAACG,-15.05,8.99,6.95,2.32096e-07,7.43228e-06,-30.99,0.613013,11,-5.62,-26.15,10.57,6.95,1.58372e-08,7.43228e-06,-43.67,0.800138,15,-5.62,-8.41,0.93,0.93,0.205916,0.205916,-10.27,0.751738,2.0,-5.68,-11.099999999999998,0.3785066,0.03565769,0.07266435,0.4286226
GU-330-331,UUUCUGGAUUGAAUGAGGCUAGCUACAACGACACAUGGA,-18.46,7.04,5.92,6.3783e-06,4.27789e-05,-31.42,0.615424,9,-3.92,-25.69,7.63,5.92,2.34047e-06,4.27789e-05,-39.24,0.59628,11,-3.92,-15.15,5.92,5.92,4.27789e-05,4.27789e-05,-26.99,94.324,4.0,-3.71,-7.23,0.07266435,0.4057773,0.2930976,0.4021021
GU-364-365,GUGCCAUGGAGUGGCAGGCUAGCUACAACGAGUUGAGAA,-14.21,8.78,12.99,3.3162e-07,2.59296e-10,-35.98,0.595352,9,-5.39,-24.33,11.71,12.99,2.28241e-09,2.59296e-10,-49.03,0.601771,14,-5.39,-6.91,3.74,3.74,0.0017378,0.0017378,-14.39,0.566599,4.0,-1.53,-10.119999999999997,0.9558856,0.6421859,0.01596648,0.1623259
GU-407-408,UCCGAUUACGAGUUCAGGCUAGCUACAACGAUUUCUAGA,-15.38,5.26,5.31,0.000131307,0.000120612,-25.95,0.515833,12,-6.13,-24.94,7.96,5.31,1.3359e-06,0.000120612,-38.21,0.698765,16,-6.13,-11.33,4.75,4.75,0.000312357,0.000312357,-20.83,1.84582,4.0,-4.07,-9.56,0.3709496,0.1646508,0.06622318,0.1847613
GU-415-416,AUCACAGCUCCGAUUAGGCUAGCUACAACGAGAGUUCAC,-15.94,9.61,9.67,8.09333e-08,7.30885e-08,-35.22,78.1026,5,-1.88,-23.16,10.29,9.67,2.54864e-08,7.30885e-08,-43.12,66.4497,8,-2.84,-13.11,9.67,9.67,7.30885e-08,7.30885e-08,-32.45,298.647,4.0,-4.47,-7.220000000000001,0.2006714,0.03936854,0.1855373,0.03036597
GU-427-428,UGUCCACGAAGGAUCAGGCUAGCUACAACGAAGCUCCGA,-17.81,8.72,10.46,3.67214e-07,1.90921e-08,-36.99,0.798559,6,-3.95,-26.4,11.51,10.46,3.20618e-09,1.90921e-08,-48.37,0.669862,9,-3.95,0.0,999999.0,999999.0,0.0,0.0,0.0,0.0,0.0,0.0,-8.59,0.02514099,0.03036597,0.1123059,0.05726644
GU-437-438,AAUACGAAGAUGUCCAGGCUAGCUACAACGAGAAGGAUC,-20.93,10.32,4.34,2.42198e-08,0.00062693,-35.59,0.975697,12,-4.24,-25.03,11.62,4.34,2.65957e-09,0.00062693,-40.99,0.681309,16,-4.38,-13.89,1.25,1.25,0.119547,0.119547,-16.39,0.822229,4.0,-6.04,-4.100000000000001,0.05726644,0.07019187,0.01971317,0.06386393
GU-449-450,AUGGUGUCCAGCAAUAGGCUAGCUACAACGAGAAGAUGU,-18.83,5.42,6.8,0.000100049,9.58997e-06,-31.05,0.413527,10,-2.79,-25.67,9.16,6.8,1.73865e-07,9.58997e-06,-41.63,0.620704,14,-3.97,-6.97,4.02,4.02,0.00107986,0.00107986,-15.01,0.729516,4.0,-1.21,-6.840000000000003,0.06386393,0.07459124,0.1574886,0.03416671
GU-476-477,CAGGUCCUUGAUGUCAGGCUAGCUACAACGAAGCGUCCU,-16.93,8.38,10.52,6.54377e-07,1.72415e-08,-35.83,0.700936,8,-2.17,-27.29,9.88,10.52,5.11536e-08,1.72415e-08,-47.69,0.753656,12,-4.69,-11.69,10.52,10.52,1.72415e-08,1.72415e-08,-32.73,1901.39,2.0,-3.23,-10.36,0.1581263,0.06875885,0.188119,0.3423491
GU-508-509,GUUCGUGAUGUAGCAAGGCUAGCUACAACGAAGUGAUUU,-10.14,5.02,14.74,0.000197424,1.32541e-11,-29.9,0.706093,3,-3.49,-18.19,5.1,14.74,0.000172331,1.32541e-11,-38.03,0.713738,6,-3.49,0.0,999999.0,999999.0,0.0,0.0,0.0,0.0,0.0,0.0,-8.05,0.08265043,0.1413261,0.2294261,0.2638155
GU-557-558,UGAGUCACCUGCUACAGGCUAGCUACAACGAGCUGCGAA,-16.07,10.9,6.38,9.03958e-09,1.95778e-05,-33.35,156421.0,4,-1.74,-24.3,13.21,6.38,1.78419e-10,1.95778e-05,-43.89,14582.5,8,-7.04,0.0,999999.0,999999.0,0.0,0.0,0.0,0.0,0.0,0.0,-8.23,0.6026525,0.0007453145,0.005759031,0.00114704
GU-559-560,CCUGAGUCACCUGCUAGGCUAGCUACAACGAACGCUGCG,-15.61,15.59,8.16,3.12664e-12,9.51001e-07,-39.36,0.524411,8,-3.2,-27.19,16.79,8.16,4.06927e-13,9.51001e-07,-52.14,0.665606,12,-5.1,-7.47,7.57,7.57,2.59168e-06,2.59168e-06,-22.61,0.641289,2.0,-2.04,-11.580000000000002,0.005759031,0.0007453145,0.00114704,0.09978457
GU-566-567,AGCAAAACCUGAGUCAGGCUAGCUACAACGACUGCUACA,-17.23,9.36,7.03,1.23771e-07,6.48761e-06,-33.62,71.5676,7,-2.8,-22.04,5.91,4.08,4.3512e-05,0.000975193,-32.03,3.35179,10,-3.46,-13.42,4.98,7.03,0.00021131,6.48761e-06,-25.43,0.693205,2.0,-0.57,-4.809999999999999,0.00114704,0.005759031,0.04432469,0.2128656
GU-575-576,ACUGUAUGCAGCAAAAGGCUAGCUACAACGACUGAGUCA,-10.42,8.45,12.09,5.80992e-07,1.19665e-09,-30.96,0.323893,6,-5.2,-18.68,10.07,12.09,3.70392e-08,1.19665e-09,-40.84,0.564133,7,-5.2,0.0,999999.0,999999.0,0.0,0.0,0.0,0.0,0.0,0.0,-8.26,0.2128656,0.04432469,0.322616,0.1191974
GU-590-591,GCCAAUCCUGUAGCGAGGCUAGCUACAACGAUGUAUGCA,-13.97,6.07,4.34,3.31539e-05,0.00062693,-24.38,2.81883,7,-3.04,-23.08,9.53,14.39,9.27181e-08,2.40237e-11,-47.0,0.561377,11,-3.04,0.0,999999.0,999999.0,0.0,0.0,0.0,0.0,0.0,0.0,-9.109999999999998,0.2531279,0.1191974,0.1253396,0.275225
GU-635-636,AAUAUUGUCACUGCUAGGCUAGCUACAACGAUGGAAUGG,-14.39,10.51,8.94,1.7537e-08,2.52677e-07,-33.84,0.636893,6,-3.19,-17.38,11.6,8.94,2.75151e-09,2.52677e-07,-37.92,0.38504,6,-3.19,0.0,999999.0,999999.0,0.0,0.0,0.0,0.0,0.0,0.0,-2.9899999999999984,0.00124752,0.09550589,0.01116761,0.231068
GU-641-642,CAAAGCAAUAUUGUCAGGCUAGCUACAACGAUGCUACUG,-12.92,3.22,3.99,0.00420478,0.00113634,-20.13,0.702793,3,-1.77,-18.73,4.07,4.0,0.000991905,0.00111719,-26.8,0.686562,6,-1.77,-12.19,9.31,9.31,1.34747e-07,1.34747e-07,-30.81,636.375,4.0,-3.45,-5.8100000000000005,0.01116761,0.00124752,0.231068,0.4606387
GU-661-662,CUUACUGUAGGCUAGCUACAACGAAAGCAAAG,-10.43,3.93,6.68,0.0012583,1.17591e-05,-21.04,0.449761,8,-4.98,-12.66,3.96,6.68,0.00119577,1.17591e-05,-23.3,0.829191,8,-4.66,-7.55,6.59,6.59,1.37022e-05,1.37022e-05,-20.73,17.5392,1.0,-2.21,-2.2300000000000004,0.3407158,0.2986414,0.3055753,0.2759329
GU-666-667,CUUAGGCUAGCUACAACGAUGUACAAG,-7.81,2.21,1.44,0.0233933,0.0865617,-11.46,0.730908,4,-3.67,-12.64,14.12,2.61,3.80094e-11,0.0118551,-29.37,0.9281,3,-2.64,-11.09,1.92,1.92,0.0382914,0.0382914,-14.93,0.69647,4.0,-5.62,-4.830000000000001,0.3055753,0.3077232,0.2759329,
GU-67-68,AAUAGGAAACCUAUUAGGCUAGCUACAACGAUAGGUUCC,-4.78,7.53,11.97,2.77396e-06,1.46731e-09,-24.28,0.99177,1,-1.85,-8.72,13.96,13.46,4.98846e-11,1.16668e-10,-36.14,0.543316,2,-0.32,-13.37,1.53,1.53,0.0742863,0.0742863,-16.43,0.876271,4.0,-7.35,-3.9400000000000004,0.000757282,0.003397636,0.03734054,0.01238221
GU-74-75,UGUAAGGAAUAGGAAAGGCUAGCUACAACGACUAUUACU,-11.97,9.2,5.72,1.6244e-07,6.00929e-05,-26.89,0.719535,8,-1.53,-19.33,9.39,5.72,1.1762e-07,6.00929e-05,-34.44,0.634298,12,-3.09,-14.37,1.03,1.03,0.173737,0.173737,-16.43,0.918104,4.0,-7.36,-7.359999999999998,0.01238221,0.06101917,0.04516097,0.2667609
GU-98-99,GGCAAAUUGUAGAAGAGGCUAGCUACAACGAAAAUCCAU,-13.29,5.66,6.52,6.65428e-05,1.54329e-05,-25.47,0.684628,7,-3.65,-22.8,8.72,6.52,3.67214e-07,1.54329e-05,-38.04,0.816582,9,-4.58,-9.09,3.65,3.65,0.00202496,0.00202496,-16.39,0.627019,4.0,-3.55,-9.510000000000002,0.2399954,0.03599368,0.5986986,0.03400346
