id2,seq2,E,Etotal,ED1,ED2,Pu1,Pu2,subseqDB,hybridDB,E_hybrid,E_norm,E_hybridNorm,seedStart1,seedEnd1,seedStart2,seedEnd2,seedE,seedED1,seedED2,seedPu1,seedPu2,Eall,Eall1,Eall2,Zall,Zall1,Zall2,EallTotal,P_E
AU-58-59,AGCCCUGUAUACGACAGGCUAGCUACAACGACAGUACUA,-5.11,-28.83,1.66,1.66,0.0595625,0.0595625,33AGUACU&33AGUACU,33||||||&33||||||,-8.43,-0.697409,-1.15052,33:34,37:38,34:33,38:37,-3.36:-3.36,1.57:1.66,1.66:1.57,0.069404907733932319:0.059562519181135275,0.059562519181135275:0.069404907733932319,-5.16,-11.86,-11.86,6518.6,5.65329e+08,5.65329e+08,-28.88,0.905446
AU-65-66,UGUCAAAAGCCCUGUAGGCUAGCUACAACGAACGACAUC,-7.81,-28.51,10.35,10.35,2.30161e-08,2.30161e-08,1UGUCAAAAGCCCUGUAGGCUAGCUACAACGAACGACA&1UGUCAAAAGCCCUGUAGGCUAGCUACAACGAACGACA,1||||....|...|||||.|||||||||.|....||||&1||||....|...||||.||||||||||.|....||||,-28.51,-1.0659,-3.89102,19,23,18,22,-1.57,4.78,0.01,0.00029683340983512957,0.9831512135571443,-2.26,-10.35,-10.35,47.2452,4.34479e+07,4.34479e+07,-22.96,12279.3
AU-81-82,ACUUUAUCAUUGUAGAGGCUAGCUACAACGAGUCAAAAG,-10.93,-28.53,8.8,8.8,3.20539e-07,3.20539e-07,2CUUUAUCAUUGUAGAGGCUAGCUACAACGAGUCAAAAG&2CUUUAUCAUUGUAGAGGCUAGCUACAACGAGUCAAAAG,2||||....||||.|.||||||||.|.||||....||||&2||||....||||.|.||||||||.|.||||....||||,-28.53,-1.49172,-3.89375,18:19:17:20,22:23:21:24,19:18:20:17,23:22:24:21,-3.47:-3.47:-3.11:-3.11,0.01:3.67:0.02:3.89,3.67:0.01:3.89:0.02,0.9831512135571443:0.0019572995784810782:0.96658630871888551:0.0013468038039016778,0.0019572995784810782:0.9831512135571443:0.0013468038039016778:0.96658630871888551,-6.85,-8.8,-8.8,114465,3.11974e+06,3.11974e+06,-24.45,1016.99
AU-127-128,UUGGAAGCGACAACAAGGCUAGCUACAACGAUAGUUUUU,-8.59,-23.19,7.3,7.3,4.10047e-06,4.10047e-06,3GGAAGCGACAACAAGGCUAGCUACAACGAUAGUUUUU&3GGAAGCGACAACAAGGCUAGCUACAACGAUAGUUUUU,3||||||........||||||||.........||||||&3||||||........||||||||.........||||||,-23.19,-1.17236,-3.16495,4:34:17:20:18:19,8:38:21:24:22:23,34:4:20:17:19:18,38:8:24:21:23:22,-1.25:-1.25:-0.74:-0.74:-0.69:-0.69,0.29:2.23:2.1:3.47:3.38:3.6,2.23:0.29:3.47:2.1:3.6:3.38,0.61092692949867611:0.022611599079715217:0.028201169663455181:0.0027494821850272354:0.0032038194487305207:0.0022045251876633741,0.022611599079715217:0.61092692949867611:0.0027494821850272354:0.028201169663455181:0.0022045251876633741:0.0032038194487305207,-8.93,-7.3,-7.3,3.90129e+06,243875,243875,-23.53,0.559677
AU-157-158,AUCAAUUAAAUUGUCAGGCUAGCUACAACGACUUCGUCC,-12.45,-22.37,3.39,3.39,0.00314984,0.00314984,11UUGUCAGGCUAGCUACAA&11UUGUCAGGCUAGCUACAA,11||||..||||||||||||&11||||..||||||||||||,-19.23,-1.69917,-2.6245,18:19:17:20,22:23:21:24,19:18:20:17,23:22:24:21,-4.89:-4.89:-3.41:-3.41,0.06:1.54:2.03:1.52,1.54:0.06:1.52:2.03,0.90307104490862367:0.073034695400923846:0.031763246427969453:0.0755594143452374,0.073034695400923846:0.90307104490862367:0.0755594143452374:0.031763246427969453,-12.76,-4.96,-4.96,2.61049e+09,4574.27,4574.27,-22.68,0.590174
AU-163-164,GUAAGAAUCAAUUAAAGGCUAGCUACAACGAUGUCAUCU,-12.05,-18.73,2.04,2.04,0.0312281,0.0312281,17GGCUAGCU&17GGCUAGCU,17||||||||&17||||||||,-16.13,-1.64457,-2.20141,18:19:17:20,22:23:21:24,19:18:20:17,23:22:24:21,-4.43:-4.43:-4:-4,1.17:1.58:1.87:0.58,1.58:1.17:0.58:1.87,0.13695484356647333:0.068235519265437194:0.041686916267581295:0.3732317131866803,0.068235519265437194:0.13695484356647333:0.3732317131866803:0.041686916267581295,-12.22,-3.34,-3.34,1.05951e+09,291.617,291.617,-18.9,0.736904
AU-163-164,GUAAGAAUCAAUUAAAGGCUAGCUACAACGAUGUCAUCU,-4.86,-11.54,1.83,1.83,0.0446189,0.0446189,30GAUGUC&30GAUGUC,30||||||&30||||||,-8.52,-0.663289,-1.1628,30:31,34:35,31:30,35:34,-0.57:-0.57,1.83:1.82,1.82:1.83,0.04461886220815748:0.045383519435145431,0.045383519435145431:0.04461886220815748,-12.22,-3.34,-3.34,1.05951e+09,291.617,291.617,-18.9,3.64268e-06
AU-168-169,ACAAAGUAAGAAUCAAGGCUAGCUACAACGAUAAAUUGU,-10.21,-18.03,2.87,2.87,0.00762135,0.00762135,17GGCUAGCU&17GGCUAGCU,17||||||||&17||||||||,-15.95,-1.39345,-2.17684,18:19:17:20,22:23:21:24,19:18:20:17,23:22:24:21,-3.1:-3.1:-1.91:-1.91,2.13:2.39:2.43:2.42,2.39:2.13:2.42:2.43,0.026799585700145474:0.017228853990765885:0.016096730354727251:0.016372588603626507,0.017228853990765885:0.026799585700145474:0.016372588603626507:0.016096730354727251,-10.37,-3.91,-3.91,4.51144e+07,768.166,768.166,-18.19,0.75917
AU-168-169,ACAAAGUAAGAAUCAAGGCUAGCUACAACGAUAAAUUGU,-5,-12.82,0.84,0.84,0.239942,0.239942,28ACGAUAAAUUGU&28ACGAUAAAUUGU,28|||||..|||||&28|||||..|||||,-6.68,-0.682396,-0.911681,28:35,32:39,35:28,39:32,-1.89:-1.89,0.71:0.83,0.83:0.71,0.29925588062926073:0.2440543365341728,0.2440543365341728:0.29925588062926073,-10.37,-3.91,-3.91,4.51144e+07,768.166,768.166,-18.19,0.000108524
AU-172-173,AACUACAAAGUAAGAAGGCUAGCUACAACGACAAUUAAA,-12.41,-18.27,2.01,2.01,0.0328613,0.0328613,17GGCUAGCU&17GGCUAGCU,17||||||||&17||||||||,-16.43,-1.69371,-2.24235,18:19:17:20,22:23:21:24,19:18:20:17,23:22:24:21,-4.99:-4.99:-4.28:-4.28,0.89:1.49:1.26:1.48,1.49:0.89:1.48:1.26,0.22039840470839631:0.079511074815226859:0.11753312212659672:0.080873698489927537,0.079511074815226859:0.22039840470839631:0.080873698489927537:0.11753312212659672,-12.57,-2.93,-2.93,1.90014e+09,145.294,145.294,-18.43,0.757528
AU-228-229,UUAAGUAAAUUAUAAAGGCUAGCUACAACGAUGUUUCUU,-12.03,-18.01,2,2,0.0334244,0.0334244,17GGCUAGCU&17GGCUAGCU,17||||||||&17||||||||,-16.03,-1.64184,-2.18776,18:19:17:20,22:23:21:24,19:18:20:17,23:22:24:21,-5.58:-5.58:-4.18:-4.18,1.01:1.09:1.44:0.94,1.09:1.01:0.94:1.44,0.17974312257855207:0.15689707210427808:0.086561749639235616:0.20244639368960765,0.15689707210427808:0.17974312257855207:0.20244639368960765:0.086561749639235616,-12.35,-2.99,-2.99,1.30432e+09,160.888,160.888,-18.33,0.57859
AU-232-233,AUCCUUAAGUAAAUUAGGCUAGCUACAACGAAAAUUGUU,-9.87,-18.81,2.72,2.72,0.00983393,0.00983393,17GGCUAGCU&17GGCUAGCU,17||||||||&17||||||||,-15.31,-1.34705,-2.0895,18:19:17:20,22:23:21:24,19:18:20:17,23:22:24:21,-4.8:-4.8:-3.94:-3.94,1.76:0.11:2.29:0.11,0.11:1.76:0.11:2.29,0.050254650164027262:0.82951360981557831:0.020419880407973292:0.82951360981557831,0.82951360981557831:0.050254650164027262:0.82951360981557831:0.020419880407973292,-9.98,-4.47,-4.47,2.34285e+07,1989.38,1989.38,-18.92,0.820352
AU-235-236,ACAAUCCUUAAGUAAAGGCUAGCUACAACGAUAUAAAUU,-9.85,-16.75,3.19,3.19,0.00442468,0.00442468,17GGCUAGCU&17GGCUAGCU,17||||||||&17||||||||,-16.23,-1.34432,-2.21506,17:20:18:19,21:24:22:23,20:17:19:18,24:21:23:22,-4.97:-4.97:-4.32:-4.32,0.98:0.42:2.11:0.41,0.42:0.98:0.41:2.11,0.18914345737999436:0.48983907269373245:0.027726014178356899:0.49823370600484052,0.48983907269373245:0.18914345737999436:0.49823370600484052:0.027726014178356899,-10.39,-3.45,-3.45,4.71757e+07,351.552,351.552,-17.29,0.393792
AU-247-248,AGCAACAGCUGGACAAGGCUAGCUACAACGACCUUAAGU,-5.85,-26.17,0.42,0.42,0.489839,0.489839,33CUUAAG&33CUUAAG,33||||||&33||||||,-6.69,-0.798403,-0.913046,33:34,37:38,34:33,38:37,-2.6:-2.6,0:0.42,0.42:0,1:0.48983907269373245,0.48983907269373245:1,-5.86,-10.16,-10.16,21164.1,3.14597e+07,3.14597e+07,-26.18,0.980649
AU-288-289,ACCAUGUCACCGUCUAGGCUAGCUACAACGAUCUAAACU,-13.47,-22.09,4.31,4.31,0.000659717,0.000659717,11CGUCUAGGCUAGCUACAACG&11CGUCUAGGCUAGCUACAACG,11|||...||||||||...|||&11|||...||||||||...|||,-22.09,-1.83837,-3.01483,18:19:17:20,22:23:21:24,19:18:20:17,23:22:24:21,-4.55:-4.55:-2.51:-2.51,0.4:1.43:3.14:0.85,1.43:0.4:0.85:3.14,0.50677220262199407:0.088045204486953854:0.0048170412175556577:0.23589958027740274,0.088045204486953854:0.50677220262199407:0.23589958027740274:0.0048170412175556577,-11.02,-4.31,-4.31,1.37736e+08,1515.8,1515.8,-19.64,63.2967
AU-300-301,GAUAUAUGUGGUACCAGGCUAGCUACAACGAGUCACCGU,-7.53,-25.03,8.75,8.75,3.48963e-07,3.48963e-07,1GAUAUAUGUGGUACCAGGCUAGCUACAACGAGUC&1GAUAUAUGUGGUACCAGGCUAGCUACAACGAGUC,1|||...||||||.||.||...||||||....|||&1|||...||||||.||.||...||||||....|||,-25.03,-1.02769,-3.41607,8:22,12:26,22:8,26:12,-0.74:-0.74,3.92:2.8,2.8:3.92,0.0012798683315152527:0.008583995774035574,0.008583995774035574:0.0012798683315152527,-6.99,-8.75,-8.75,144920,2.86563e+06,2.86563e+06,-24.49,2.48754
AU-310-311,ACGUUGACGUGAUAUAGGCUAGCUACAACGAGUGGUACC,-12.94,-30.12,1.65,1.65,0.0605833,0.0605833,1ACGUUGACGU&1ACGUUGACGU,1||||||||||&1||||||||||,-16.24,-1.76604,-2.21642,1:6:2:5:3:4,5:10:6:9:7:8,6:1:5:2:4:3,10:5:9:6:8:7,-3.14:-3.14:-1.72:-1.72:-0.45:-0.45,1.41:1.44:1.46:1.6:1.36:1.43,1.44:1.41:1.6:1.46:1.43:1.36,0.091088818135287936:0.086561749639235616:0.083669402060037049:0.065955518690295312:0.099166153755107664:0.088045204486953854,0.086561749639235616:0.091088818135287936:0.065955518690295312:0.083669402060037049:0.088045204486953854:0.099166153755107664,-13.02,-8.59,-8.59,4.09625e+09,2.18346e+06,2.18346e+06,-30.2,0.864809
AU-310-311,ACGUUGACGUGAUAUAGGCUAGCUACAACGAGUGGUACC,-8.35,-25.53,4.02,4.02,0.00107986,0.00107986,17GGCUAGCU&17GGCUAGCU,17||||||||&17||||||||,-16.39,-1.1396,-2.23689,17:20:18:19,21:24:22:23,20:17:19:18,24:21:23:22,-1.76:-1.76:-0.75:-0.75,0.76:3.83:2.08:3.89,3.83:0.76:3.89:2.08,0.2748807274896467:0.0014913597457196219:0.029176049162989943:0.0013468038039016778,0.0014913597457196219:0.2748807274896467:0.0013468038039016778:0.029176049162989943,-13.02,-8.59,-8.59,4.09625e+09,2.18346e+06,2.18346e+06,-30.2,0.000354525
AU-312-313,AGACGUUGACGUGAUAGGCUAGCUACAACGAAUGUGGUA,-11.88,-31.72,2.73,2.73,0.00966824,0.00966824,3ACGUUGACGU&3ACGUUGACGU,3||||||||||&3||||||||||,-17.34,-1.62137,-2.36655,3:8:4:7,7:12:8:11,8:3:7:4,12:7:11:8,-2.24:-2.24:-0.04:-0.04,2.07:1.87:2.15:2.42,1.87:2.07:2.42:2.15,0.029676054670601429:0.041686916267581295:0.025904112617099045:0.016372588603626507,0.041686916267581295:0.029676054670601429:0.016372588603626507:0.025904112617099045,-11.92,-9.92,-9.92,6.26505e+08,2.09239e+07,2.09239e+07,-31.76,0.933547
AU-312-313,AGACGUUGACGUGAUAGGCUAGCUACAACGAAUGUGGUA,-6.99,-26.83,4.64,4.64,0.000376555,0.000376555,17GGCUAGCU&17GGCUAGCU,17||||||||&17||||||||,-16.27,-0.95399,-2.22052,18:19:17:20,22:23:21:24,19:18:20:17,23:22:24:21,-1.77:-1.77:-1.14:-1.14,0.31:4.29:0.6:4.53,4.29:0.31:4.53:0.6,0.59051360568108813:0.00068252273020293368:0.36076066394593914:0.00045394662376055232,0.00068252273020293368:0.59051360568108813:0.00045394662376055232:0.36076066394593914,-11.92,-9.92,-9.92,6.26505e+08,2.09239e+07,2.09239e+07,-31.76,0.000229865
AU-314-315,UAAGACGUUGACGUGAGGCUAGCUACAACGAAUAUGUGG,-15.07,-30.65,7.79,7.79,1.78332e-06,1.78332e-06,5ACGUUGACGUGAGGCUAGCUACAACGAAUAUGU&5ACGUUGACGUGAGGCUAGCUACAACGAAUAUGU,5||||...|||..||||||||...|||...||||&5||||...|||..||||||||...|||...||||,-30.65,-2.05674,-4.18309,18:19:17:20,22:23:21:24,19:18:20:17,23:22:24:21,-5.01:-5.01:-4.57:-4.57,0.41:1.35:0.52:1.36,1.35:0.41:1.36:0.52,0.49823370600484052:0.10086561699528819:0.41329163999986884:0.099166153755107664,0.10086561699528819:0.49823370600484052:0.099166153755107664:0.41329163999986884,-12.44,-7.79,-7.79,1.52997e+09,560752,560752,-28.02,86.3964
AU-335-336,GGUCUGCCAUUGUGUAGGCUAGCUACAACGAUUAGUAAG,-4.37,-29.47,12.55,12.55,5.47648e-10,5.47648e-10,5UGCCAUUGUGUAGGCUAGCUACAACGAUUAGUA&5UGCCAUUGUGUAGGCUAGCUACAACGAUUAGUA,5|||.||||||||.|||||||||.|||||..|||&5|||.|||||||||.||||||||.|||||..|||,-29.47,-0.596414,-4.02204,9:28:18,13:32:22,28:9:19,32:13:23,-1.91:-1.91:-0.16,0.23:0.23:0.77,0.23:0.23:5.43,0.67649929974279277:0.67649929974279277:0.27024932081491682,0.67649929974279277:0.67649929974279277:9.8363405582764686e-05,-4.75,-12.55,-12.55,3253.31,1.82599e+09,1.82599e+09,-29.85,0.515934
AU-342-343,UAGACGAGGUCUGCCAGGCUAGCUACAACGAUGUGUAUU,-10.87,-26.53,5.28,5.28,0.00012692,0.00012692,8GGUCUGCCAGGCU&8GGUCUGCCAGGCU,8||||||.||||||&8||||||.||||||,-21.43,-1.48353,-2.92475,9:15:8:16,13:19:12:20,15:9:16:8,19:13:20:12,-1.94:-1.94:-1.48:-1.48,3.22:0.93:3.79:0.92,0.93:3.22:0.92:3.79,0.004204776529960502:0.20591582545795303:0.0015962508373113925:0.20944471472798976,0.20591582545795303:0.004204776529960502:0.20944471472798976:0.0015962508373113925,-11.31,-7.83,-7.83,2.22996e+08,600191,600191,-26.97,0.471427
AU-358-359,AAAAUGCCUUAAAGCAGGCUAGCUACAACGAAGACGAGG,-6.73,-21.57,3.88,3.88,0.00136988,0.00136988,17GGCUAGCU&17GGCUAGCU,17||||||||&17||||||||,-14.49,-0.918505,-1.97758,17:20:18:19,21:24:22:23,20:17:19:18,24:21:23:22,-3.52:-3.52:-1.03:-1.03,2.57:0.12:3.46:3.38,0.12:2.57:3.38:3.46,0.012688846503313811:0.81553731215235337:0.0027966015269200771:0.0032038194487305207,0.81553731215235337:0.012688846503313811:0.0032038194487305207:0.0027966015269200771,-7.34,-7.42,-7.42,262781,299036,299036,-22.18,0.352315
AU-376-377,GUCACAAUUACCUUCAGGCUAGCUACAACGACAAAAUGC,-13.77,-20.09,1.33,1.33,0.104352,0.104352,17GGCUAGCU&17GGCUAGCU,17||||||||&17||||||||,-16.43,-1.87932,-2.24235,18:19:17:20,22:23:21:24,19:18:20:17,23:22:24:21,-5.91:-5.91:-4.76:-4.76,1.23:1.02:1.26:0.85,1.02:1.23:0.85:1.26,0.12367995368487215:0.17671466909165404:0.11753312212659672:0.23589958027740274,0.17671466909165404:0.12367995368487215:0.23589958027740274:0.11753312212659672,-13.83,-3.16,-3.16,1.62965e+10,214.773,214.773,-20.15,0.890686
AU-385-386,UUUUAAUGUGUCACAAGGCUAGCUACAACGAUACCUUCA,-15.71,-26.39,5.34,5.34,0.000114617,0.000114617,8GUGUCACAAGGCUAGCUACAACGAUAC&8GUGUCACAAGGCUAGCUACAACGAUAC,8|||||....||||||||.....|||||&8|||||....||||||||.....|||||,-26.39,-2.14409,-3.60169,18:19:17:20:8:30,22:23:21:24:12:34,19:18:20:17:30:8,23:22:24:21:34:12,-7.04:-7.04:-5.69:-5.69:-3.25:-3.25,0.2:0.37:1.07:0.34:1.51:2.13,0.37:0.2:0.34:1.07:2.13:1.51,0.71187934555091148:0.53327573891517921:0.16232080952215186:0.56116537616735496:0.07685431630792125:0.026799585700145474,0.53327573891517921:0.71187934555091148:0.56116537616735496:0.16232080952215186:0.026799585700145474:0.07685431630792125,-15.94,-5.34,-5.34,5.85458e+11,8724.68,8724.68,-26.62,0.669856
AU-395-396,CAAGUAUUUCUUUUAAGGCUAGCUACAACGAGUGUCACA,-9.19,-19.01,4.91,4.91,0.000238,0.000238,4GUAUUUCUUUUAAGGCUAGCUACAACGAGUGUCAC&4GUAUUUCUUUUAAGGCUAGCUACAACGAGUGUCAC,4||....|||....||||||||.....|||....||&4||....|||....||||||||.....|||....||,-19.01,-1.25424,-2.59447,17:20:18:19,21:24:22:23,20:17:19:18,24:21:23:22,-1.9:-1.9:-1.82:-1.82,2.54:1.84:2.27:2.86,1.84:2.54:2.86:2.27,0.013352456902777803:0.043867088527489016:0.02112577037744081:0.0077519580331495185,0.043867088527489016:0.013352456902777803:0.0077519580331495185:0.02112577037744081,-9.1,-4.91,-4.91,5.26693e+06,4201.68,4201.68,-18.92,1.14913
AU-405-406,UUGUAUGUGACAAGUAGGCUAGCUACAACGAUUCUUUUA,-6.08,-20.66,5.02,5.34,0.000197424,0.000114617,14GUAGGCUAGCU&17GGCUAGCUAC,14||||.||||||&17||||||||||,-16.44,-0.829794,-2.24372,19:20,23:24,18:17,22:21,-2.75:-0.01,3.51:3.78,0.1:2.47,0.0025688112146768694:0.0016236066388363496,0.84372942674231266:0.015038999590551393,-6.64,-7.29,-7.29,80659.3,239766,239766,-21.22,0.380357
AU-416-417,CAUCACAACAAUUGUAGGCUAGCUACAACGAGUGACAAG,-8.11,-29.69,10.79,10.79,1.08974e-08,1.08974e-08,3UCACAACAAUUGUAGGCUAGCUACAACGAGUGA&3UCACAACAAUUGUAGGCUAGCUACAACGAGUGA,3||||.....||||||.||||||||||...||||&3||||.....|||||.|||||||||||...||||,-29.69,-1.10685,-4.05207,19,23,18,22,-2.17,4.19,0,0.0008089355527614964,1,-3.4,-10.79,-10.79,326.521,9.17646e+07,9.17646e+07,-24.98,2958.08
AU-421-422,AUCAUCAUCACAACAAGGCUAGCUACAACGAUGUAUGUG,-14.57,-26.55,0.93,0.93,0.205916,0.205916,17GGCUAGCU&17GGCUAGCU,17||||||||&17||||||||,-16.43,-1.9885,-2.24235,18:19:17:20,22:23:21:24,19:18:20:17,23:22:24:21,-6.35:-6.35:-5.6:-5.6,0.06:0.63:0.88:0.64,0.63:0.06:0.64:0.88,0.90307104490862367:0.34283104020289168:0.22417548965938996:0.33705475322053108,0.34283104020289168:0.90307104490862367:0.33705475322053108:0.22417548965938996,-14.6,-5.99,-5.99,6.0296e+10,26328.6,26328.6,-26.58,0.937359
AU-430-431,AUUGAAAUAAUCAUCAGGCUAGCUACAACGACACAACAA,-13.67,-17.63,0.81,0.81,0.252491,0.252491,17GGCUAGCU&17GGCUAGCU,17||||||||&17||||||||,-15.29,-1.86567,-2.08677,18:19:17:20,22:23:21:24,19:18:20:17,23:22:24:21,-7.6:-7.6:-5.61:-5.61,0.12:0.19:0.73:0.19,0.19:0.12:0.19:0.73,0.81553731215235337:0.72407920138272253:0.28925663701985654:0.72407920138272253,0.72407920138272253:0.81553731215235337:0.72407920138272253:0.28925663701985654,-13.79,-1.98,-1.98,1.50763e+10,28.9186,28.9186,-17.75,0.81232
AU-433-434,UUUAUUGAAAUAAUCAGGCUAGCUACAACGACAUCACAA,-13.65,-16.89,0.85,0.85,0.2359,0.2359,17GGCUAGCU&17GGCUAGCU,17||||||||&17||||||||,-15.35,-1.86294,-2.09496,18:19:17:20,22:23:21:24,19:18:20:17,23:22:24:21,-7.49:-7.49:-5.56:-5.56,0.16:0.24:0.78:0.23,0.24:0.16:0.23:0.78,0.7619476150283343:0.66510110751268503:0.26569594772217947:0.67649929974279277,0.66510110751268503:0.7619476150283343:0.67649929974279277:0.26569594772217947,-13.88,-1.62,-1.62,1.776e+10,15.6859,15.6859,-17.12,0.666532
AU-436-437,CUUUUUAUUGAAAUAAGGCUAGCUACAACGACAUCAUCA,-13.83,-17.43,1.16,1.16,0.139302,0.139302,17GGCUAGCU&17GGCUAGCU,17||||||||&17||||||||,-16.15,-1.88751,-2.20414,18:19:17:20,22:23:21:24,19:18:20:17,23:22:24:21,-6.86:-6.86:-5.73:-5.73,0.33:0.17:1.09:0.17,0.17:0.33:0.17:1.09,0.5707823663635625:0.74910972238207862:0.15689707210427808:0.74910972238207862,0.74910972238207862:0.5707823663635625:0.74910972238207862:0.15689707210427808,-13.91,-1.8,-1.8,1.85803e+10,21.2982,21.2982,-17.51,0.865057
AU-439-440,GUCCUUUUUAUUGAAAGGCUAGCUACAACGAAAUCAUCA,-7.51,-22.59,7.54,7.54,2.72723e-06,2.72723e-06,1GUCCUUUUUAUUGAAAGGCUAGCUACAACGAAAUCAUC&1GUCCUUUUUAUUGAAAGGCUAGCUACAACGAAAUCAUC,1|....||||.|||...||||||||.|||.||||....|&1|....||||.|||...||||||||.|||.||||....|,-22.59,-1.02496,-3.08307,18:19:17:20,22:23:21:24,19:18:20:17,23:22:24:21,-1.96:-1.96:-0.79:-0.79,3.58:0.86:5.57:0.13,0.86:3.58:0.13:5.57,0.0022807328924255646:0.23192495862734949:7.7538613586600476e-05:0.80179649814371778,0.23192495862734949:0.0022807328924255646:0.80179649814371778:7.7538613586600476e-05,-6.95,-7.54,-7.54,135466,366673,366673,-22.03,2.57223
AU-445-446,AUACCAGUCCUUUUUAGGCUAGCUACAACGAUGAAAUAA,-6.43,-16.63,4.4,4.4,0.000566162,0.000566162,17GGCUAGCU&17GGCUAGCU,17||||||||&17||||||||,-15.23,-0.877561,-2.07858,18:19,22:23,19:18,23:22,-1.6:-1.6,2.23:2.56,2.56:2.23,0.022611599079715217:0.012906302029984001,0.012906302029984001:0.022611599079715217,-5.28,-5.1,-5.1,7949.97,5802.79,5802.79,-15.48,6.9947
AU-460-461,GUUUUCUACAAAAUCAGGCUAGCUACAACGAACCAGUCC,-11.41,-19.37,2.47,2.47,0.015039,0.015039,17GGCUAGCU&17GGCUAGCU,17||||||||&17||||||||,-16.35,-1.55723,-2.23144,18:19:17:20,22:23:21:24,19:18:20:17,23:22:24:21,-3.71:-3.71:-2.69:-2.69,1.96:1.95:2.37:1.8,1.95:1.96:1.8:2.37,0.035775247469657739:0.03638834695653697:0.017824434130047861:0.046952371480718354,0.03638834695653697:0.035775247469657739:0.046952371480718354:0.017824434130047861,-11.45,-3.98,-3.98,2.84837e+08,865.193,865.193,-19.41,0.923887
AU-463-464,UGGGUUUUCUACAAAAGGCUAGCUACAACGACAUACCAG,-13.21,-24.63,1.61,1.61,0.0648442,0.0648442,17GGCUAGCU&17GGCUAGCU,17||||||||&17||||||||,-16.43,-1.80289,-2.24235,18:19:17:20,22:23:21:24,19:18:20:17,23:22:24:21,-4.67:-4.67:-4.01:-4.01,0.67:1.55:1.6:1.49,1.55:0.67:1.49:1.6,0.32030330133010154:0.07180414941519464:0.065955518690295312:0.079511074815226859,0.07180414941519464:0.32030330133010154:0.079511074815226859:0.065955518690295312,-13.25,-5.71,-5.71,6.09057e+09,16360.5,16360.5,-24.67,0.920237
AU-481-482,GUAUACGCGUAAUAUAGGCUAGCUACAACGACUGGGUUU,-12.24,-25.9,1.24,1.24,0.121596,0.121596,1GUAUACGCGUAAUAU&1GUAUACGCGUAAUAU,1|||||||||||.|||&1||||||||||.||||,-14.72,-1.67051,-2.00897,5:6:7,9:10:11,6:5:4,10:9:8,-7.44:-7.44:-6.27,0.91:0.86:0.85,0.86:0.91:1.21,0.21303408045461983:0.23192495862734949:0.23589958027740274,0.23192495862734949:0.21303408045461983:0.12795541646849698,-12.47,-6.83,-6.83,1.60101e+09,109729,109729,-26.13,0.673495
AU-483-484,GCGUAUACGCGUAAUAGGCUAGCUACAACGAAUCUGGGU,-12.16,-28.18,4.92,4.92,0.00023399,0.00023399,1GCGUAUACGC&1GCGUAUACGC,1||||||||||&1||||||||||,-22,-1.65959,-3.00254,1:6,5:10,6:1,10:5,-0.75:-0.75,3.01:4,4:3.01,0.0060078102469988967:0.0011171920850878334,0.0011171920850878334:0.0060078102469988967,-12.22,-8.01,-8.01,1.05341e+09,814937,814937,-28.24,0.893495
AU-483-484,GCGUAUACGCGUAAUAGGCUAGCUACAACGAAUCUGGGU,-10.75,-26.77,2.78,2.78,0.00888073,0.00888073,17GGCUAGCU&17GGCUAGCU,17||||||||&17||||||||,-16.31,-1.46715,-2.22598,18:19:17:20,22:23:21:24,19:18:20:17,23:22:24:21,-3.69:-3.69:-2.34:-2.34,0.37:2.36:2.22:1.95,2.36:0.37:1.95:2.22,0.53327573891517921:0.018129900959545375:0.022999106106886717:0.03638834695653697,0.018129900959545375:0.53327573891517921:0.03638834695653697:0.022999106106886717,-12.22,-8.01,-8.01,1.05341e+09,814937,814937,-28.24,0.0813874
AU-485-486,UGGCGUAUACGCGUAAGGCUAGCUACAACGAAUAUCUGG,-14,-28.38,6.94,6.94,7.55965e-06,7.55965e-06,1UGGCGUAUACGCGUAAGGCUA&1UGGCGUAUACGCGUAAGGCUA,1||||.|.|||||||||.||||&1||||.|.|||||||||.||||,-27.88,-1.91071,-3.80504,9:10:8:11,13:14:12:15,10:9:11:8,14:13:15:12,-5.25:-5.25:-3.91:-3.91,2.14:2.18:2.16:1.16,2.18:2.14:1.16:2.16,0.026348045203926702:0.024616691234895034:0.02546765975562185:0.13930191172826439,0.024616691234895034:0.026348045203926702:0.13930191172826439:0.02546765975562185,-12.81,-7.19,-7.19,2.88699e+09,202297,202297,-27.19,7.43202
AU-494-495,CACCUAAGUUGGCGUAGGCUAGCUACAACGAACGCGUAA,-7.86,-34.72,1.85,1.85,0.043128,0.043128,32ACGCGU&32ACGCGU,32||||||&32||||||,-11.56,-1.07273,-1.5777,32:33,36:37,33:32,37:36,-6.14:-6.14,1.85:1.85,1.85:1.85,0.043127981321019505:0.043127981321019505,0.043127981321019505:0.043127981321019505,-7.92,-13.43,-13.43,700503,8.14537e+09,8.14537e+09,-34.78,0.90161
AU-545-546,GCAUGGCAUCACAGAAGGCUAGCUACAACGAUGUACUGU,-11.47,-29.99,9.26,9.26,1.46695e-07,1.46695e-07,1GCAUGGCAUCACAGAAGGCUAGCUACAACGAUGUACUGU&1GCAUGGCAUCACAGAAGGCUAGCUACAACGAUGUACUGU,1|||..|||||......||||||||.....|||||..|||&1|||..|||||......||||||||.....|||||..|||,-29.99,-1.56542,-4.09301,18:19:17:20:6:30,22:23:21:24:10:34,19:18:20:17:30:6,23:22:24:21:34:10,-3.07:-3.07:-1.81:-1.81:-1.65:-1.65,0.71:2.66:2.66:2.67:3.46:1.64,2.66:0.71:2.67:2.66:1.64:3.46,0.29925588062926073:0.010889426813121545:0.010889426813121545:0.010705953186262159:0.0027966015269200771:0.061621521682920885,0.010889426813121545:0.29925588062926073:0.010705953186262159:0.010889426813121545:0.061621521682920885:0.0027966015269200771,-11.25,-9.26,-9.26,2.02401e+08,6.81685e+06,6.81685e+06,-29.77,1.43973
AU-553-554,AGCAUUUCGCAUGGCAGGCUAGCUACAACGACACAGAAU,-6.81,-21.61,4.81,4.81,0.000282081,0.000282081,17GGCUAGCU&17GGCUAGCU,17||||||||&17||||||||,-16.43,-0.929423,-2.24235,17:20,21:24,20:17,24:21,-2.27:-2.27,0:4.06,4.06:0,1:0.0010089038236439142,0.0010089038236439142:1,-6.95,-7.4,-7.4,136247,289044,289044,-21.75,0.77846
AU-558-559,AUACCAGCAUUUCGCAGGCUAGCUACAACGAGGCAUCAC,-7.99,-23.95,7.98,7.98,1.29126e-06,1.29126e-06,7GCAUUUCGCAGGCUAGCUACAACGAGGC&7GCAUUUCGCAGGCUAGCUACAACGAGGC,7||..||||..||||||||....||||||&7||..||||..||||||||....||||||,-23.95,-1.09047,-3.26868,18:19:17:20,22:23:21:24,19:18:20:17,23:22:24:21,-3.73:-3.73:-1.76:-1.76,1.9:1.74:2.9:1.74,1.74:1.9:1.74:2.9,0.039615097473618618:0.05199189116451982:0.0072425698335854679:0.05199189116451982,0.05199189116451982:0.039615097473618618:0.05199189116451982:0.0072425698335854679,-8.13,-7.98,-7.98,1.01273e+06,774435,774435,-24.09,0.777806
AU-565-566,ACCAACAAUACCAGCAGGCUAGCUACAACGAUUCGCAUG,-10.05,-17.91,3.17,3.17,0.00457764,0.00457764,17GGCUAGCU&17GGCUAGCU,17||||||||&17||||||||,-16.39,-1.37162,-2.23689,17:20:18:19,21:24:22:23,20:17:19:18,24:21:23:22,-4.3:-4.3:-2.39:-2.39,0.11:1.92:2.59:2.04,1.92:0.11:2.04:2.59,0.82951360981557831:0.038291410836563872:0.012264865303538637:0.031228074272172782,0.038291410836563872:0.82951360981557831:0.031228074272172782:0.012264865303538637,-10.12,-3.93,-3.93,2.94923e+07,794.72,794.72,-17.98,0.884851
AU-573-574,GUCAGUACACCAACAAGGCUAGCUACAACGAACCAGCAU,-7.55,-18.25,4.42,4.42,0.000547244,0.000547244,17GGCUAGCU&17GGCUAGCU,17||||||||&17||||||||,-16.39,-1.03042,-2.23689,17:20,21:24,20:17,24:21,-1.13:-1.13,2.46:2.71,2.71:2.46,0.015296730943492121:0.010002455283558549,0.010002455283558549:0.015296730943492121,-7.6,-5.35,-5.35,408471,8874.2,8874.2,-18.3,0.913055
AU-590-591,GAUCUUGAUUAUCUAAGGCUAGCUACAACGAGUCAGUAC,-10.07,-25.35,7.64,7.64,2.30104e-06,2.30104e-06,5UUGAUUAUCUAAGGCUAGCUACAACGAGUCAG&5UUGAUUAUCUAAGGCUAGCUACAACGAGUCAG,5||||||......||||||||......||||||&5||||||......||||||||......||||||,-25.35,-1.37435,-3.45975,18:19,22:23,19:18,23:22,-0.61:-0.61,3.06:3.41,3.41:3.06,0.0055184588113766095:0.0030445912318066157,0.0030445912318066157:0.0055184588113766095,-6.69,-7.64,-7.64,87610.4,434586,434586,-21.97,308.165
AU-595-596,AUUGAGAUCUUGAUUAGGCUAGCUACAACGACUAAUGUC,-14.44,-25.34,1.45,1.45,0.0851033,0.0851033,1AUUGAGAUCUUGAU&1AUUGAGAUCUUGAU,1||||||||||||||&1||||||||||||||,-17.34,-1.97076,-2.36655,5:6:4:7:2:9:3:8,9:10:8:11:6:13:7:12,6:5:7:4:9:2:8:3,10:9:11:8:13:6:12:7,-4.95:-4.95:-3.32:-3.32:-1.58:-1.58:-1.36:-1.36,0.79:0.82:0.79:0.83:0.77:1.21:0.77:0.89,0.82:0.79:0.83:0.79:1.21:0.77:0.89:0.77,0.26121929344027633:0.24823682579931786:0.26121929344027633:0.2440543365341728:0.27024932081491682:0.12795541646849698:0.27024932081491682:0.22039840470839631,0.24823682579931786:0.26121929344027633:0.2440543365341728:0.26121929344027633:0.12795541646849698:0.27024932081491682:0.22039840470839631:0.27024932081491682,-13.84,-5.45,-5.45,1.63769e+10,10517.8,10517.8,-24.74,2.7671
AU-595-596,AUUGAGAUCUUGAUUAGGCUAGCUACAACGACUAAUGUC,-11.79,-22.69,2.07,2.07,0.0296761,0.0296761,17GGCUAGCU&17GGCUAGCU,17||||||||&17||||||||,-15.93,-1.60909,-2.17411,18:19:17:20,22:23:21:24,19:18:20:17,23:22:24:21,-5.24:-5.24:-3.86:-3.86,0.39:1.13:1.93:1.06,1.13:0.39:1.06:1.93,0.51545702800735915:0.14658722306558336:0.037646247032782944:0.16510258776455974,0.14658722306558336:0.51545702800735915:0.16510258776455974:0.037646247032782944,-13.84,-5.45,-5.45,1.63769e+10,10517.8,10517.8,-24.74,0.0306486
AU-598-599,ACCAUUGAGAUCUUGAGGCUAGCUACAACGAUAUCUAAU,-15.71,-30.65,7.47,7.47,3.0717e-06,3.0717e-06,7GAGAUCUUGAGGCUAGCUACAACGAUAUC&7GAGAUCUUGAGGCUAGCUACAACGAUAUC,7||.||||||.||||||||.|||.|||.||&7||.||||||.||||||||.|||.|||.||,-30.65,-2.14409,-4.18309,18:19:17:20,22:23:21:24,19:18:20:17,23:22:24:21,-4.47:-4.47:-2.44:-2.44,0.13:1.77:2.93:1.78,1.77:0.13:1.78:2.93,0.80179649814371778:0.049407920295653149:0.0068826177517021933:0.048575456798006053,0.049407920295653149:0.80179649814371778:0.048575456798006053:0.0068826177517021933,-10.63,-7.47,-7.47,7.07114e+07,325553,325553,-25.57,5546.11
AU-604-605,CCAGUUACCAUUGAGAGGCUAGCUACAACGACUUGAUUA,-7.89,-21.39,4.27,4.27,0.000706117,0.000706117,17GGCUAGCU&17GGCUAGCU,17||||||||&17||||||||,-16.43,-1.07682,-2.24235,18:19:17:20,22:23:21:24,19:18:20:17,23:22:24:21,-1.43:-1.43:-0.92:-0.92,2.5:3.02:3.23:3.01,3.02:2.5:3.01:3.23,0.014291568866865749:0.0059065859351580098:0.0041339311481672679:0.0060078102469988967,0.0059065859351580098:0.014291568866865749:0.0060078102469988967:0.0041339311481672679,-8.47,-6.75,-6.75,1.78851e+06,95782.1,95782.1,-21.97,0.371602
AU-604-605,CCAGUUACCAUUGAGAGGCUAGCUACAACGACUUGAUUA,-4.02,-17.52,0.22,0.02,0.688093,0.966586,32CUUGAU&10AUUGAG,32||||||&10||||||,-4.26,-0.548646,-0.581401,32:33,36:37,11:10,15:14,-3.22:-0.49,0.22:0.22,0.02:0.02,0.68809282886927159:0.68809282886927159,0.96658630871888551:0.96658630871888551,-8.47,-6.75,-6.75,1.78851e+06,95782.1,95782.1,-21.97,0.000517775
AU-610-611,AUCAUACCAGUUACCAGGCUAGCUACAACGAUGAGAUCU,-9.69,-19.63,4.97,4.97,0.000214931,0.000214931,2UCAUACCAGUUACCAGGCUAGCUACAACGAUGA&2UCAUACCAGUUACCAGGCUAGCUACAACGAUGA,2||||....||.....||||||||||....||||&2||||....||.....||||||||||....||||,-19.63,-1.32248,-2.67909,18:19:17:20,22:23:21:24,19:18:20:17,23:22:24:21,-2.71:-2.71:-2.22:-2.22,1.85:2.17:1.94:2.13,2.17:1.85:2.13:1.94,0.043127981321019505:0.025038560595200068:0.037011953456152595:0.026799585700145474,0.025038560595200068:0.043127981321019505:0.026799585700145474:0.037011953456152595,-9.77,-4.97,-4.97,1.63918e+07,4652.66,4652.66,-19.71,0.863543
AU-622-623,GAAAUCACCGAAAUCAGGCUAGCUACAACGAACCAGUUA,-12.03,-21.07,2.2,2.2,0.0237942,0.0237942,17GGCUAGCU&17GGCUAGCU,17||||||||&17||||||||,-16.43,-1.64184,-2.24235,18:19:17:20,22:23:21:24,19:18:20:17,23:22:24:21,-5.02:-5.02:-4.77:-4.77,1.7:0.2:2.17:0.2,0.2:1.7:0.2:2.17,0.055648611975054774:0.71187934555091148:0.025038560595200068:0.71187934555091148,0.71187934555091148:0.055648611975054774:0.71187934555091148:0.025038560595200068,-12.06,-4.52,-4.52,8.06868e+08,2165.79,2165.79,-21.1,0.935305
AU-625-626,UAUGAAAUCACCGAAAGGCUAGCUACAACGACAUACCAG,-11.91,-17.53,2.57,2.57,0.0126888,0.0126888,12CGAAAGGCUAGCUACAACG&12CGAAAGGCUAGCUACAACG,12||...||||||||....||&12||...||||||||....||,-17.05,-1.62547,-2.32697,18:19:17:20,22:23:21:24,19:18:20:17,23:22:24:21,-4.88:-4.88:-4.58:-4.58,1.69:0.21:2.31:0.21,0.21:1.69:0.21:2.31,0.056602291903513242:0.69988504248464434:0.019737576828023989:0.69988504248464434,0.69988504248464434:0.056602291903513242:0.69988504248464434:0.019737576828023989,-12.15,-2.81,-2.81,9.31982e+08,118.492,118.492,-17.77,0.660377
AU-634-635,CGUGGUUUGUAUGAAAGGCUAGCUACAACGACACCGAAA,-11.63,-30.93,9.65,9.65,7.56151e-08,7.56151e-08,3UGGUUUGUAUGAAAGGCUAGCUACAACGACACCG&3UGGUUUGUAUGAAAGGCUAGCUACAACGACACCG,3||||||||.||...||||||||.||||||.||||&3||||||||.||...||||||||.||||||.||||,-30.93,-1.58725,-4.2213,18:19:17:20,22:23:21:24,19:18:20:17,23:22:24:21,-2.46:-2.46:-1.27:-1.27,1.81:2.61:2.17:3.36,2.61:1.81:3.36:2.17,0.0461612810006541:0.011855050880681737:0.025038560595200068:0.0033145715181677553,0.011855050880681737:0.0461612810006541:0.0033145715181677553:0.025038560595200068,-9.09,-9.65,-9.65,5.13869e+06,1.32249e+07,1.32249e+07,-28.39,74.4246
AU-639-640,CCUGGCGUGGUUUGUAGGCUAGCUACAACGAGAAAUCAC,-6.83,-29.33,4.78,4.78,0.000296833,0.000296833,17GGCUAGCU&17GGCUAGCU,17||||||||&17||||||||,-16.39,-0.932153,-2.23689,18:19,22:23,19:18,23:22,-3.13:-3.13,0.31:2.93,2.93:0.31,0.59051360568108813:0.0068826177517021933,0.0068826177517021933:0.59051360568108813,-7.34,-11.25,-11.25,264972,2.00512e+08,2.00512e+08,-29.84,0.414116
AU-676-677,CAAUGAAUAAUAAGAAGGCUAGCUACAACGACUACAACA,-13.11,-16.55,1.66,1.66,0.0595625,0.0595625,17GGCUAGCU&17GGCUAGCU,17||||||||&17||||||||,-16.43,-1.78924,-2.24235,18:19:17:20,22:23:21:24,19:18:20:17,23:22:24:21,-6.1:-6.1:-4.89:-4.89,0.53:0.8:1.44:0.78,0.8:0.53:0.78:1.44,0.40632817741889343:0.2568180653503474:0.086561749639235616:0.26569594772217947,0.2568180653503474:0.40632817741889343:0.26569594772217947:0.086561749639235616,-13.18,-1.72,-1.72,5.4003e+09,18.5911,18.5911,-16.62,0.875675
AU-682-683,CAUUAACAAUGAAUAAGGCUAGCUACAACGAAAGAAUCU,-14.71,-18.69,0.86,0.86,0.231925,0.231925,17GGCUAGCU&17GGCUAGCU,17||||||||&17||||||||,-16.43,-2.00761,-2.24235,18:19:17:20,22:23:21:24,19:18:20:17,23:22:24:21,-6.95:-6.95:-5.88:-5.88,0.29:0.55:0.69:0.55,0.55:0.29:0.55:0.69,0.61092692949867611:0.39275125313980064:0.30960078570313582:0.39275125313980064,0.39275125313980064:0.61092692949867611:0.39275125313980064:0.30960078570313582,-14.75,-1.99,-1.99,7.70653e+10,29.4142,29.4142,-18.73,0.93036
AU-685-686,AGGCAUUAACAAUGAAGGCUAGCUACAACGAAAUAAGAA,-11.01,-18.63,2.71,2.71,0.0100025,0.0100025,17GGCUAGCU&17GGCUAGCU,17||||||||&17||||||||,-16.43,-1.50264,-2.24235,18:19:17:20,22:23:21:24,19:18:20:17,23:22:24:21,-2.96:-2.96:-2.91:-2.91,1.85:2.38:1.75:1.72,2.38:1.85:1.72:1.75,0.043127981321019505:0.017524114045925947:0.05111589089352863:0.053789186434297774,0.017524114045925947:0.043127981321019505:0.053789186434297774:0.05111589089352863,-11.07,-3.81,-3.81,1.48934e+08,648.124,648.124,-18.69,0.895437
AU-689-690,AUAUAGGCAUUAACAAGGCUAGCUACAACGAGAAUAAUA,-7.81,-16.83,4.31,4.31,0.000659717,0.000659717,17GGCUAGCU&17GGCUAGCU,17||||||||&17||||||||,-16.43,-1.0659,-2.24235,17:20:18:19,21:24:22:23,20:17:19:18,24:21:23:22,-0.94:-0.94:-0.17:-0.17,2.3:3.1:3.54:3.95,3.1:2.3:3.95:3.54,0.020075830203790699:0.0051558358732395962:0.0024411425879416141:0.0012162595184763965,0.0051558358732395962:0.020075830203790699:0.0012162595184763965:0.0024411425879416141,-7.89,-4.51,-4.51,675571,2129.3,2129.3,-16.91,0.858736
AU-696-697,AAGGUUAAUAUAGGCAGGCUAGCUACAACGAUAACAAUG,-9.67,-19.63,3.38,3.38,0.00320382,0.00320382,17GGCUAGCU&17GGCUAGCU,17||||||||&17||||||||,-16.43,-1.31975,-2.24235,17:20:18:19,21:24:22:23,20:17:19:18,24:21:23:22,-3.23:-3.23:-1.8:-1.8,0.07:3.01:2.01:3.03,3.01:0.07:3.03:2.01,0.8878553937302317:0.0060078102469988967:0.032861262508537388:0.0058070671301301601,0.0060078102469988967:0.8878553937302317:0.0058070671301301601:0.032861262508537388,-9.81,-4.98,-4.98,1.75297e+07,4732.39,4732.39,-19.77,0.780507
AU-702-703,CUGGUCAAGGUUAAUAGGCUAGCUACAACGAAGGCAUUA,-4.01,-21.29,0.45,0.45,0.465494,0.465494,10GUUAAU&10GUUAAU,10||||||&10||||||,-4.91,-0.547282,-0.670113,10:11,14:15,11:10,15:14,-1.58:-1.58,0.01:0.45,0.45:0.01,0.9831512135571443:0.46549431688809956,0.46549431688809956:0.9831512135571443,-4.03,-8.64,-8.64,945.449,2.37708e+06,2.37708e+06,-21.31,0.962973
AU-704-705,CCCUGGUCAAGGUUAAGGCUAGCUACAACGAAUAGGCAU,-10.99,-29.35,9.18,9.18,1.68056e-07,1.68056e-07,2CCUGGUCAAGGUUAAGGCUAGCUACAACGAAUAGG&2CCUGGUCAAGGUUAAGGCUAGCUACAACGAAUAGG,2||||.||...|||..||||||||..|||||.||||&2||||.||...|||..||||||||..|||||.||||,-29.35,-1.49991,-4.00566,18:19,22:23,19:18,23:22,-0.67:-0.67,2.74:3.54,3.54:2.74,0.0095053382814462104:0.0024411425879416141,0.0024411425879416141:0.0095053382814462104,-6.77,-9.18,-9.18,99617.8,5.95041e+06,5.95041e+06,-25.13,1293.99
AU-739-740,UAAGUCAGUGUCAACAGGCUAGCUACAACGAGUGACUCU,-12.33,-30.13,8.9,8.9,2.70448e-07,2.70448e-07,3AGUCAGUGUCAACAGGCUAGCUACAACGAGUGACU&3AGUCAGUGUCAACAGGCUAGCUACAACGAGUGACU,3|||||.|.......||||||||......|.|||||&3|||||.|.......||||||||......|.|||||,-30.13,-1.68279,-4.11212,18:19:17:20:3:33,22:23:21:24:7:37,19:18:20:17:33:3,23:22:24:21:37:7,-4.38:-4.38:-3.41:-3.41:-1.25:-1.25,0.68:1.64:2.04:1.14:2.62:2.2,1.64:0.68:1.14:2.04:2.2:2.62,0.31490657940904898:0.061621521682920885:0.031228074272172782:0.14411740624890013:0.011655307660123937:0.023794156713609738,0.061621521682920885:0.31490657940904898:0.14411740624890013:0.031228074272172782:0.023794156713609738:0.011655307660123937,-12.64,-8.9,-8.9,2.15843e+09,3.69756e+06,3.69756e+06,-30.44,0.582113
AU-768-769,AACAAAUCCCACUUAAGGCUAGCUACAACGAGUAAGGCU,-6.51,-20.85,4.94,4.94,0.000226172,0.000226172,17GGCUAGCU&17GGCUAGCU,17||||||||&17||||||||,-16.39,-0.88848,-2.23689,18:19,22:23,19:18,23:22,-0.06:-0.06,3.78:3.65,3.65:3.78,0.0016236066388363496:0.0020249610001979918,0.0020249610001979918:0.0016236066388363496,-4.83,-7.17,-7.17,3712.88,195538,195538,-19.17,17.1578
AU-778-779,GUCAUAUUUUAACAAAGGCUAGCUACAACGACCCACUUA,-13.57,-18.21,1.39,1.39,0.0942376,0.0942376,17GGCUAGCU&17GGCUAGCU,17||||||||&17||||||||,-16.35,-1.85202,-2.23144,18:19:17:20,22:23:21:24,19:18:20:17,23:22:24:21,-5.67:-5.67:-4.88:-4.88,0.85:1.03:1.16:0.51,1.03:0.85:0.51:1.16,0.23589958027740274:0.17373724137080884:0.13930191172826439:0.42037443915116202,0.17373724137080884:0.23589958027740274:0.42037443915116202:0.13930191172826439,-13.62,-2.32,-2.32,1.12847e+10,51.533,51.533,-18.26,0.915663
AU-788-789,CUUCCGUGAAGUCAUAGGCUAGCUACAACGAUUUAACAA,-12.31,-24.67,2.06,2.06,0.0301846,0.0301846,17GGCUAGCU&17GGCUAGCU,17||||||||&17||||||||,-16.43,-1.68006,-2.24235,18:19:17:20,22:23:21:24,19:18:20:17,23:22:24:21,-6.69:-6.69:-4.9:-4.9,0.1:0.4:1.27:0.4,0.4:0.1:0.4:1.27,0.84372942674231266:0.50677220262199407:0.11555283165192362:0.50677220262199407,0.50677220262199407:0.84372942674231266:0.50677220262199407:0.11555283165192362,-12.45,-6.18,-6.18,1.54331e+09,36361.6,36361.6,-24.81,0.786924
AU-790-791,CUCUUCCGUGAAGUCAGGCUAGCUACAACGAAUUUUAAC,-10.91,-21.57,2.72,2.72,0.00983393,0.00983393,17GGCUAGCU&17GGCUAGCU,17||||||||&17||||||||,-16.35,-1.48899,-2.23144,17:20:18:19,21:24:22:23,20:17:19:18,24:21:23:22,-4.45:-4.45:-3.99:-3.99,0.09:1.81:1.34:1.81,1.81:0.09:1.81:1.34,0.85818886770185743:0.0461612810006541:0.10259420484296183:0.0461612810006541,0.0461612810006541:0.85818886770185743:0.0461612810006541:0.10259420484296183,-11.17,-5.33,-5.33,1.76525e+08,8577.68,8577.68,-21.83,0.637421
AU-829-830,AUCCCAAUAUUUAAAAGGCUAGCUACAACGAAACGGUCA,-11.83,-18.25,2.3,2.3,0.0200758,0.0200758,17GGCUAGCU&17GGCUAGCU,17||||||||&17||||||||,-16.43,-1.61455,-2.24235,18:19:17:20,22:23:21:24,19:18:20:17,23:22:24:21,-3.89:-3.89:-3.07:-3.07,1.74:1.78:2.2:1.56,1.78:1.74:1.56:2.2,0.05199189116451982:0.048575456798006053:0.023794156713609738:0.070594336635987118,0.048575456798006053:0.05199189116451982:0.070594336635987118:0.023794156713609738,-11.93,-3.21,-3.21,6.39217e+08,233.818,233.818,-18.35,0.840453
AU-836-837,AUGUCUGAUCCCAAUAGGCUAGCUACAACGAUUAAAAUA,-11.01,-22.57,5.78,5.78,5.42681e-05,5.42681e-05,6UGAUCCCAAUAGGCUAGCUACAACGAUUA&6UGAUCCCAAUAGGCUAGCUACAACGAUUA,6|||||......||||||||.....|||||&6|||||......||||||||.....|||||,-22.57,-1.50264,-3.08034,18:19:17:20,22:23:21:24,19:18:20:17,23:22:24:21,-3.69:-3.69:-1.13:-1.13,0.06:2.61:3.67:1.47,2.61:0.06:1.47:3.67,0.90307104490862367:0.011855050880681737:0.0019572995784810782:0.082259674172926053,0.011855050880681737:0.90307104490862367:0.082259674172926053:0.0019572995784810782,-9.08,-5.78,-5.78,5.02105e+06,18427,18427,-20.64,26.5603
AU-838-839,GUAUGUCUGAUCCCAAGGCUAGCUACAACGAAUUUAAAA,-4.14,-17.52,0,0,1,1,30GAAUUU&30GAAUUU,30||||||&30||||||,-4.14,-0.565024,-0.565024,30:31,34:35,31:30,35:34,-2.15:-2.15,0:0,0:0,1:1,1:1,-4.33,-6.69,-6.69,1570.88,86498,86498,-17.71,0.722845
AU-844-845,UGGGUGGUAUGUCUGAGGCUAGCUACAACGACCCAAUAU,-14.25,-44.53,15.14,15.14,6.71682e-12,6.71682e-12,1UGGGUGGUAUGUCUGAGGCUAGCUACAACGACCCA&1UGGGUGGUAUGUCUGAGGCUAGCUACAACGACCCA,1|||||.||.|||....|||||||||||||.|||||&1|||||.||.|||....|||||||||||||.|||||,-44.53,-1.94483,-6.07742,18:19:17:20,22:23:21:24,19:18:20:17,23:22:24:21,-4.16:-4.16:-2.76:-2.76,0.59:2.01:1.37:1.96,2.01:0.59:1.96:1.37,0.36694321175749678:0.032861262508537388:0.09749532440812847:0.035775247469657739,0.032861262508537388:0.36694321175749678:0.035775247469657739:0.09749532440812847,-10.67,-15.14,-15.14,7.5673e+07,1.4888e+11,1.4888e+11,-40.95,433.615
AU-851-852,CACAAUUUGGGUGGUAGGCUAGCUACAACGAGUCUGAUC,-5.69,-27.71,11.01,11.01,7.49846e-09,7.49846e-09,5AUUUGGGUGGUAGGCUAGCUACAACGAGUCUGAU&5AUUUGGGUGGUAGGCUAGCUACAACGAGUCUGAU,5|||.||.|.||.||||||||...||.|.||.|||&5|||.||.|.||.||||||||...||.|.||.|||,-27.71,-0.776567,-3.78184,17:20:18:19,21:24:22:23,20:17:19:18,24:21:23:22,-2.59:-2.59:-1.54:-1.54,0.09:3.66:1.38:3.71,3.66:0.09:3.71:1.38,0.85818886770185743:0.0019908428647505438:0.095852646507999018:0.0018286836463480114,0.0019908428647505438:0.85818886770185743:0.0018286836463480114:0.095852646507999018,-4.56,-11.01,-11.01,2352.83,1.33361e+08,1.33361e+08,-26.58,6.7212
AU-862-863,CAAACAGUUAACACAAGGCUAGCUACAACGAUUGGGUGG,-14.63,-27.75,6.56,6.56,1.44188e-05,1.44188e-05,1CAAACAGUUAACACAAGGCUAGCUACAACGAUUGGGUG&1CAAACAGUUAACACAAGGCUAGCUACAACGAUUGGGUG,1||..|||||.......||||||||.....|||||..||&1||..|||||.......||||||||.....|||||..||,-27.75,-1.99669,-3.7873,18:19:17:20:5:30,22:23:21:24:9:34,19:18:20:17:30:5,23:22:24:21:34:9,-5.47:-5.47:-4.75:-4.75:-0.28:-0.28,0.12:1.16:1.25:1.16:2:1.35,1.16:0.12:1.16:1.25:1.35:2,0.81553731215235337:0.13930191172826439:0.11954734989478331:0.13930191172826439:0.033424423481757073:0.10086561699528819,0.13930191172826439:0.81553731215235337:0.13930191172826439:0.11954734989478331:0.10086561699528819:0.033424423481757073,-13.92,-6.56,-6.56,1.87871e+10,69353.8,69353.8,-27.04,3.3313
AU-880-881,CAGAAUGCAUCUGUCAGGCUAGCUACAACGACCAAACAG,-11.33,-23.19,2.55,2.55,0.0131275,0.0131275,17GGCUAGCU&17GGCUAGCU,17||||||||&17||||||||,-16.43,-1.54631,-2.24235,18:19:17:20,22:23:21:24,19:18:20:17,23:22:24:21,-3.98:-3.98:-3.61:-3.61,1.87:1.08:2.47:0.58,1.08:1.87:0.58:2.47,0.041686916267581295:0.15958590086728167:0.015038999590551393:0.3732317131866803,0.15958590086728167:0.041686916267581295:0.3732317131866803:0.015038999590551393,-11.37,-5.93,-5.93,2.49943e+08,23776.6,23776.6,-23.23,0.919045
AU-880-881,CAGAAUGCAUCUGUCAGGCUAGCUACAACGACCAAACAG,-7.8,-19.66,4.36,4.36,0.000605981,0.000605981,1CAGAAUGCAUCUG&1CAGAAUGCAUCUG,1||||.||||||||&1|||.|||||||||,-16.52,-1.06454,-2.25464,6,10,5,9,-5.4,0.12,0.02,0.81553731215235337,0.96658630871888551,-11.37,-5.93,-5.93,2.49943e+08,23776.6,23776.6,-23.23,0.00228197
AU-887-888,CACAAUGCAGAAUGCAGGCUAGCUACAACGACUGUCAUC,-9.33,-24.77,7.72,7.72,2.00857e-06,2.00857e-06,5AUGCAGAAUGCAGGCUAGCUACAACGACUGUCAU&5AUGCAGAAUGCAGGCUAGCUACAACGACUGUCAU,5||||||......||||||||.......|||.|||&5||||||......||||||||.......|||.|||,-24.77,-1.27335,-3.38059,18:19:17:20,22:23:21:24,19:18:20:17,23:22:24:21,-3.5:-3.5:-2.49:-2.49,1.55:1.98:2.34:1.39,1.98:1.55:1.39:2.34,0.07180414941519464:0.034579864395201117:0.018756629176317187:0.094237645737003217,0.034579864395201117:0.07180414941519464:0.094237645737003217:0.018756629176317187,-8.8,-7.72,-7.72,3.158e+06,497867,497867,-24.24,2.43125
AU-891-892,UUUGCACAAUGCAGAAGGCUAGCUACAACGAGCAUCUGU,-7.39,-29.31,4.44,4.44,0.000528959,0.000528959,17GGCUAGCU&17GGCUAGCU,17||||||||&17||||||||,-16.27,-1.00858,-2.22052,17:20,21:24,20:17,24:21,-1.87:-1.87,0.9:3.54,3.54:0.9,0.21668495905511845:0.0024411425879416141,0.0024411425879416141:0.21668495905511845,-7.46,-10.96,-10.96,321466,1.22498e+08,1.22498e+08,-29.38,0.883992
AU-898-899,AUUAAAGUUUGCACAAGGCUAGCUACAACGAGCAGAAUG,-9.75,-25.49,7.87,7.87,1.55665e-06,1.55665e-06,7GUUUGCACAAGGCUAGCUACAACGAGC&7GUUUGCACAAGGCUAGCUACAACGAGC,7|||||.....||||||||....|||||&7|||||.....||||||||....|||||,-25.49,-1.33067,-3.47886,18:19:7:29:17:20,22:23:11:33:21:24,19:18:29:7:20:17,23:22:33:11:24:21,-2.09:-2.09:-1.56:-1.56:-1.03:-1.03,2.27:2.69:2.69:1.89:3.15:2.68,2.69:2.27:1.89:2.69:2.68:3.15,0.02112577037744081:0.010348227771626334:0.010348227771626334:0.040294002516954676:0.0047358799187946317:0.010525570867359614,0.010348227771626334:0.02112577037744081:0.040294002516954676:0.010348227771626334:0.010525570867359614:0.0047358799187946317,-10.22,-7.87,-7.87,3.49248e+07,642404,642404,-25.96,0.448801
AU-913-914,UGUAGAGAAUAAAACAGGCUAGCUACAACGAUAAAGUUU,-7.41,-19.81,4.15,4.15,0.00086583,0.00086583,17GGCUAGCU&17GGCUAGCU,17||||||||&17||||||||,-15.71,-1.01131,-2.14409,18:19:17:20,22:23:21:24,19:18:20:17,23:22:24:21,-2.46:-2.46:-2.2:-2.2,0.87:3.78:1.04:3.86,3.78:0.87:3.86:1.04,0.22801730452866908:0.0016236066388363496:0.1708099796937812:0.0014172399156533186,0.0016236066388363496:0.22801730452866908:0.0014172399156533186:0.1708099796937812,-7.49,-6.2,-6.2,340137,37618.5,37618.5,-19.89,0.86435
AU-920-921,GGAACACUGUAGAGAAGGCUAGCUACAACGAAAAACAUU,-6.19,-17.37,4.98,4.98,0.00021131,0.00021131,17GGCUAGCU&17GGCUAGCU,17||||||||&17||||||||,-16.15,-0.844806,-2.20414,18:19:17:20,22:23:21:24,19:18:20:17,23:22:24:21,-2.14:-2.14:-1.86:-1.86,0.86:4.16:0.86:4.33,4.16:0.86:4.33:0.86,0.23192495862734949:0.00085124184476120617:0.23192495862734949:0.00063767354200907559,0.00085124184476120617:0.23192495862734949:0.00063767354200907559:0.23192495862734949,-6.4,-5.59,-5.59,53034.8,13342.6,13342.6,-17.58,0.697367
AU-969-970,ACACCAUCAACAAAUAGGCUAGCUACAACGAUUUUCUCA,-13.45,-16.87,1.49,1.49,0.0795111,0.0795111,17GGCUAGCU&17GGCUAGCU,17||||||||&17||||||||,-16.43,-1.83565,-2.24235,18:19:17:20,22:23:21:24,19:18:20:17,23:22:24:21,-5.89:-5.89:-5.19:-5.19,0.23:0.5:1.45:0.5,0.5:0.23:0.5:1.45,0.67649929974279277:0.42757862000719421:0.08510328920544416:0.42757862000719421,0.42757862000719421:0.67649929974279277:0.42757862000719421:0.08510328920544416,-13.51,-1.71,-1.71,9.38428e+09,18.2779,18.2779,-16.93,0.897985
AU-971-972,GAACACCAUCAACAAAGGCUAGCUACAACGAAUUUUUCU,-14.53,-18.23,0.95,0.95,0.199035,0.199035,17GGCUAGCU&17GGCUAGCU,17||||||||&17||||||||,-16.43,-1.98304,-2.24235,18:19:17:20,22:23:21:24,19:18:20:17,23:22:24:21,-6.62:-6.62:-5.93:-5.93,0.37:0.29:0.89:0.28,0.29:0.37:0.28:0.89,0.53327573891517921:0.61092692949867611:0.22039840470839631:0.62139670996110385,0.61092692949867611:0.53327573891517921:0.62139670996110385:0.22039840470839631,-14.6,-1.85,-1.85,5.9829e+10,23.1868,23.1868,-18.3,0.882599
AU-979-980,UACAAAUGGAACACCAGGCUAGCUACAACGACAACAAAU,-13.41,-19.13,0.53,0.53,0.406328,0.406328,17GGCUAGCU&17GGCUAGCU,17||||||||&17||||||||,-14.47,-1.83019,-1.97485,18:19:17:20,22:23:21:24,19:18:20:17,23:22:24:21,-7.87:-7.87:-5.47:-5.47,0.15:0.2:0.44:0.19,0.2:0.15:0.19:0.44,0.775005517484465:0.71187934555091148:0.47347174114131668:0.72407920138272253,0.71187934555091148:0.775005517484465:0.72407920138272253:0.47347174114131668,-13.6,-2.86,-2.86,1.09805e+10,129,129,-19.32,0.717016
AU-989-990,CAGUUGAAACUACAAAGGCUAGCUACAACGAGGAACACC,-10.05,-21.71,3.19,3.19,0.00442468,0.00442468,17GGCUAGCU&17GGCUAGCU,17||||||||&17||||||||,-16.43,-1.37162,-2.24235,18:19:17:20,22:23:21:24,19:18:20:17,23:22:24:21,-2.31:-2.31:-1.08:-1.08,2.85:2.9:2.98:2.94,2.9:2.85:2.94:2.98,0.0078848074703606556:0.0072425698335854679:0.006322011018272602:0.0067666539950359582,0.0072425698335854679:0.0078848074703606556:0.0067666539950359582:0.006322011018272602,-10.11,-5.83,-5.83,2.93457e+07,20061,20061,-21.77,0.88927
AU-1007-1008,GCUCUCUGAAGUGGUAGGCUAGCUACAACGACCAGUUGA,-8.01,-30.33,6.33,4.99,2.13139e-05,0.000207749,11GUGGUAGGCUAGCU&17GGCUAGCUACAAC,11||.||||.||||||&17||||||||||.||,-19.33,-1.0932,-2.63814,19:20,23:24,18:17,22:21,-3.44:-2.62,2.79:1.23,0.14:2.48,0.0087311042855531644:0.12367995368487215,0.78828720017586473:0.014785610698136007,-8.5,-11.16,-11.16,1.87888e+06,1.72077e+08,1.72077e+08,-30.82,0.433736
AU-1036-1037,GUUUACAUCCUGAUUAGGCUAGCUACAACGAGUACAACA,-10.29,-22.55,3.03,3.03,0.00580707,0.00580707,17GGCUAGCU&17GGCUAGCU,17||||||||&17||||||||,-16.35,-1.40437,-2.23144,18:19:17:20,22:23:21:24,19:18:20:17,23:22:24:21,-4.07:-4.07:-1.34:-1.34,0.04:2.25:2.9:2.25,2.25:0.04:2.25:2.9,0.93428909220280065:0.021856062088693284:0.0072425698335854679:0.021856062088693284,0.021856062088693284:0.93428909220280065:0.021856062088693284:0.0072425698335854679,-10.71,-6.13,-6.13,8.02773e+07,33399.8,33399.8,-22.97,0.488763
AU-1039-1040,UAAGUUUACAUCCUGAGGCUAGCUACAACGAUAUGUACA,-12.25,-25.09,6.42,6.42,1.82913e-05,1.82913e-05,4GUUUACAUCCUGAGGCUAGCUACAACGAUAUGUAC&4GUUUACAUCCUGAGGCUAGCUACAACGAUAUGUAC,4||.||.|||.||.||||||||.||..|||.||.||&4||.||.|||.||.||||||||.||..|||.||.||,-25.09,-1.67187,-3.42426,18:19:17:20,22:23:21:24,19:18:20:17,23:22:24:21,-2.32:-2.32:-0.93:-0.93,1.78:2.39:3.32:2.31,2.39:1.78:2.31:3.32,0.048575456798006053:0.017228853990765885:0.0035476936912031075:0.019737576828023989,0.017228853990765885:0.048575456798006053:0.019737576828023989:0.0035476936912031075,-9.24,-6.42,-6.42,6.58979e+06,54670.7,54670.7,-22.08,166.432
AU-1045-1046,GCUAUGUAAGUUUACAGGCUAGCUACAACGACCUGAUUA,-8.01,-22.23,6.99,6.99,6.9439e-06,6.9439e-06,1GCUAUGUAAGUUUACAGGCUAGC&1GCUAUGUAAGUUUACAGGCUAGC,1||||||||||||||||...||||&1||||||||||||||||...||||,-21.99,-1.0932,-3.00118,5:12:6:11,9:16:10:15,12:5:11:6,16:9:15:10,-1.11:-1.11:-0.62:-0.62,1.21:1.69:1.25:1.74,1.69:1.21:1.74:1.25,0.12795541646849698:0.056602291903513242:0.11954734989478331:0.05199189116451982,0.056602291903513242:0.12795541646849698:0.05199189116451982:0.11954734989478331,-6.2,-7.11,-7.11,37880.4,176585,176585,-20.42,21.5134
AU-1082-1083,CAGCAUACACAAGUAAGGCUAGCUACAACGAUCCUUAAA,-6.93,-18.67,4.73,4.73,0.000323155,0.000323155,17GGCUAGCU&17GGCUAGCU,17||||||||&17||||||||,-16.39,-0.945801,-2.23689,17:20:18:19,21:24:22:23,20:17:19:18,24:21:23:22,-0.96:-0.96:-0.75:-0.75,3.57:1.89:3.53:2.48,1.89:3.57:2.48:3.53,0.0023198190278112302:0.040294002516954676:0.0024829777497901921:0.014785610698136007,0.040294002516954676:0.0023198190278112302:0.014785610698136007:0.0024829777497901921,-7.09,-5.87,-5.87,171047,21472,21472,-18.83,0.76033
AU-1110-1111,CCAGAAGCAGCGUGCAGGCUAGCUACAACGAAGCAGGGU,-12.49,-33.95,10.73,10.73,1.20671e-08,1.20671e-08,1CCAGAAGCAGCGUGCAGGCUAGCUACAACGAAGCAGGG&1CCAGAAGCAGCGUGCAGGCUAGCUACAACGAAGCAGGG,1||....||..|||...||||||||...|||..||..||&1||....||..|||...||||||||...|||..||..||,-33.95,-1.70463,-4.63347,18:19:17:20,22:23:21:24,19:18:20:17,23:22:24:21,-1.77:-1.77:-0.78:-0.78,1.31:3.34:2.26:3.36,3.34:1.31:3.36:2.26,0.10795975018553876:0.0034291521494452899:0.021487813966079097:0.0033145715181677553,0.0034291521494452899:0.10795975018553876:0.0033145715181677553:0.021487813966079097,-9.08,-10.73,-10.73,5.03341e+06,8.28699e+07,8.28699e+07,-30.54,327.611
AU-1129-1130,UUUAUCUAGUAAUAGAGGCUAGCUACAACGAUACCAGAA,-9.77,-21.77,6,6,3.73415e-05,3.73415e-05,5UCUAGUAAUAGAGGCUAGCUACAACGAUACCAGA&5UCUAGUAAUAGAGGCUAGCUACAACGAUACCAGA,5|||.|||...|.||||||||.......|||.|||&5|||.|||.....||||||||.|.....|||.|||,-21.77,-1.3334,-2.97115,18:19:17:20,22:23:21:24,19:18:20:17,23:22:24:21,-4.03:-4.03:-2.69:-2.69,1.64:1.63:2.23:1.64,1.63:1.64:1.64:2.23,0.061621521682920885:0.062677562549068894:0.022611599079715217:0.061621521682920885,0.062677562549068894:0.061621521682920885:0.061621521682920885:0.022611599079715217,-10.14,-6,-6,3.05912e+07,26779.9,26779.9,-22.14,0.530092
AU-1141-1142,GCACGUAGUGCGUUUAGGCUAGCUACAACGACUAGUAAU,-11.61,-36.95,12.67,12.67,4.46627e-10,4.46627e-10,3ACGUAGUGCGUUUAGGCUAGCUACAACGACUAGU&3ACGUAGUGCGUUUAGGCUAGCUACAACGACUAGU,3||.||||.||||..||||||||..||||||||||&3||.||||.||||..||||||||..||||||||||,-36.95,-1.58452,-5.04291,18:19,22:23,19:18,23:22,-0.86:-0.86,1.2:4.3,4.3:1.2,0.13014825665071483:0.00067102305047934995,0.00067102305047934995:0.13014825665071483,-6.03,-12.67,-12.67,28583.1,2.239e+09,2.239e+09,-31.37,12933
GU-10-11,ACGGGCUGCACUUACAGGCUAGCUACAACGACGCAAACC,-9.63,-28.29,9.33,9.33,1.30244e-07,1.30244e-07,3GGGCUGCACUUACAGGCUAGCUACAACGACGCAAACC&3GGGCUGCACUUACAGGCUAGCUACAACGACGCAAACC,3||..|||.......||||||||........|||..||&3||..|||.......||||||||........|||..||,-28.29,-1.31429,-3.861,18:19,22:23,19:18,23:22,-0.79:-0.79,3.3:3.51,3.51:3.3,0.0036703330672097183:0.0025688112146768694,0.0025688112146768694:0.0036703330672097183,-6.23,-9.33,-9.33,39729.6,7.67789e+06,7.67789e+06,-24.89,321.75
GU-12-13,AGACGGGCUGCACUUAGGCUAGCUACAACGAACCGCAAA,-8.03,-26.85,9.41,9.41,1.1369e-07,1.1369e-07,2GACGGGCUGCACUUAGGCUAGCUACAACGAACCGC&2GACGGGCUGCACUUAGGCUAGCUACAACGAACCGC,2|.|||..||......||||||||....||..||||&2|.|||..||......||||||||....||..||||,-26.85,-1.09593,-3.66447,18:19,22:23,19:18,23:22,-0.97:-0.97,1.35:4.05,4.05:1.35,0.10086561699528819:0.0010261939462939721,0.0010261939462939721:0.10086561699528819,-5.95,-9.41,-9.41,24776,8.79588e+06,8.79588e+06,-24.77,34.0293
GU-16-17,UGUAAGACGGGCUGCAGGCUAGCUACAACGAUUACACCG,-12.28,-31.66,9.54,9.54,9.11559e-08,9.11559e-08,1UGUAAGACGGGCUGCAGGCUAGCUACA&1UGUAAGACGGGCUGCAGGCUAGCUACA,1||||.|..||.||||||.||..|||||&1||||.|..||.||||||.||..|||||,-31.36,-1.67596,-4.27999,12:13,16:17,13:12,17:16,-0.76:-0.76,3.82:2.35,2.35:3.82,0.001516917972692854:0.018440602736937574,0.018440602736937574:0.001516917972692854,-7.74,-9.69,-9.69,517762,1.4155e+07,1.4155e+07,-27.12,2229.04
GU-25-26,GCCGCACGGUGUAAGAGGCUAGCUACAACGAGGGCUGCA,-11.05,-36.05,12.5,12.5,5.9621e-10,5.9621e-10,1GCCGCACGGUGUAAGAGGCUAGCUACAACGAGGGC&1GCCGCACGGUGUAAGAGGCUAGCUACAACGAGGGC,1|||.|.||.|||....|||||||||||.||.||||&1|||.|.||.|||....|||||||||||.||.||||,-36.05,-1.5081,-4.92008,18:19:17:20,22:23:21:24,19:18:20:17,23:22:24:21,-5.22:-5.22:-2.97:-2.97,0.3:1.2:0.37:2.78,1.2:0.3:2.78:0.37,0.60063355213136327:0.13014825665071483:0.53327573891517921:0.0088807338740529203,0.13014825665071483:0.60063355213136327:0.0088807338740529203:0.53327573891517921,-9.31,-12.5,-12.5,7.48557e+06,1.67726e+09,1.67726e+09,-34.31,19.0687
GU-52-53,GUAUACGACAUCAGUAGGCUAGCUACAACGAUAGUGCCU,-8.14,-27,0.76,0.76,0.274881,0.274881,1GUAUAC&1GUAUAC,1||||||&1||||||,-9.66,-1.11094,-1.31839,1:2,5:6,2:1,6:5,-3.61:-3.61,0.72:0.75,0.75:0.72,0.29421378220476962:0.27959150504946167,0.27959150504946167:0.29421378220476962,-8.14,-9.43,-9.43,1.01744e+06,9.09994e+06,9.09994e+06,-27,0.998971
GU-52-53,GUAUACGACAUCAGUAGGCUAGCUACAACGAUAGUGCCU,-4.69,-23.55,9.41,9.41,1.1369e-07,1.1369e-07,8ACAUCAGUAGGCUAGCUACAACGAUAGU&8ACAUCAGUAGGCUAGCUACAACGAUAGU,8|||||.||||.||||||||...|||.||&8|||||.|||.|||||||||...|||.||,-23.51,-0.640087,-3.20863,19,23,18,22,-0.55,4.42,1.39,0.00054724433498020157,0.094237645737003217,-8.14,-9.43,-9.43,1.01744e+06,9.09994e+06,9.09994e+06,-27,0.0028416
GU-60-61,AAAGCCCUGUAUACGAGGCUAGCUACAACGAAUCAGUAC,-13.6,-30.78,7.39,7.39,3.51898e-06,3.51898e-06,3AGCCCUGUAUACGAGGCU&3AGCCCUGUAUACGAGGCU,3||||.||||||||.||||&3||||.||||||||.||||,-28.38,-1.85612,-3.87328,9:10:8:11,13:14:12:15,10:9:11:8,14:13:15:12,-2.08:-2.08:-0.66:-0.66,0.79:0.79:1.11:1.22,0.79:0.79:1.22:1.11,0.26121929344027633:0.26121929344027633:0.15165456177407496:0.12579952298221256,0.26121929344027633:0.26121929344027633:0.12579952298221256:0.15165456177407496,-6.35,-8.59,-8.59,49235.3,2.18346e+06,2.18346e+06,-23.53,220846
GU-63-64,UCAAAAGCCCUGUAUAGGCUAGCUACAACGAGACAUCAG,-10.09,-24.23,6.42,6.42,1.82913e-05,1.82913e-05,6AGCCCUGUAUAGGCUAGCU&6AGCCCUGUAUAGGCUAGCU,6|||||||||||||...|||&6|||||||||||||...|||,-22.93,-1.37708,-3.12947,11:12,15:16,12:11,16:15,-1.86:-1.86,0.07:0.07,0.07:0.07,0.8878553937302317:0.8878553937302317,0.8878553937302317:0.8878553937302317,-3.6,-7.07,-7.07,456.722,164981,164981,-17.74,61156.9
GU-96-97,UUAGCAAAACCAGCUAGGCUAGCUACAACGAUUUAUCAU,-13.35,-25.81,6.08,6.08,3.25953e-05,3.25953e-05,12AGCUAGGCUAGCU&12AGCUAGGCUAGCU,12||||||.||||||&12||||||.||||||,-25.51,-1.822,-3.48158,13:19:12:20,17:23:16:24,19:13:20:12,23:17:24:16,-5.02:-5.02:-4.04:-4.04,2.11:0.76:0.46:0.76,0.76:2.11:0.76:0.46,0.027726014178356899:0.2748807274896467:0.45765130255248893:0.2748807274896467,0.2748807274896467:0.027726014178356899:0.2748807274896467:0.45765130255248893,-13.44,-6.23,-6.23,8.3084e+09,39585.9,39585.9,-25.9,0.855767
GU-130-131,UUCUUGGAAGCGACAAGGCUAGCUACAACGAAAUUAGUU,-5.67,-21.67,2.3,2.3,0.0200758,0.0200758,18GCUAGC&18GCUAGC,18||||||&18||||||,-10.27,-0.773837,-1.40164,18:19,22:23,19:18,23:22,-2.85:-2.85,2.25:1.76,1.76:2.25,0.021856062088693284:0.050254650164027262,0.050254650164027262:0.021856062088693284,-6.46,-8,-8,59177.1,801206,801206,-22.46,0.2583
GU-133-134,CUUUUCUUGGAAGCGAGGCUAGCUACAACGAAACAAUUA,-5.39,-23.43,5.5,5.5,8.73325e-05,8.73325e-05,17GGCUAGCU&17GGCUAGCU,17||||||||&17||||||||,-16.39,-0.735623,-2.23689,17:20,21:24,20:17,24:21,-2.28:-2.28,0:4.05,4.05:0,1:0.0010261939462939721,0.0010261939462939721:1,-5.44,-9.02,-9.02,10514.1,4.5339e+06,4.5339e+06,-23.48,0.903395
GU-186-187,AAAGUGUGUCUCUUAAGGCUAGCUACAACGAUACAAAGU,-11.25,-29.75,9.25,9.25,1.49209e-07,1.49209e-07,5UGUGUCUCUUAAGGCUAGCUACAACGAUACA&5UGUGUCUCUUAAGGCUAGCUACAACGAUACA,5||||||......||||||||.....||||||&5||||||......||||||||.....||||||,-29.75,-1.53539,-4.06026,18:19:17:20,22:23:21:24,19:18:20:17,23:22:24:21,-1.53:-1.53:-0.5:-0.5,1.78:3.23:3.35:3.26,3.23:1.78:3.26:3.35,0.048575456798006053:0.0041339311481672679:0.0033713750971992255:0.0039284768470924441,0.0041339311481672679:0.048575456798006053:0.0039284768470924441:0.0033713750971992255,-9.6,-9.25,-9.25,1.22702e+07,6.702e+06,6.702e+06,-28.1,16.3414
GU-250-251,UUUAGCAACAGCUGGAGGCUAGCUACAACGAAAUCCUUA,-10.25,-28.79,1.96,1.96,0.0357752,0.0357752,17GGCUAGCU&17GGCUAGCU,17||||||||&17||||||||,-14.17,-1.39891,-1.93391,18:19:17:20,22:23:21:24,19:18:20:17,23:22:24:21,-4.85:-4.85:-2.58:-2.58,1.63:1.48:1.81:1.47,1.48:1.63:1.47:1.81,0.062677562549068894:0.080873698489927537:0.0461612810006541:0.082259674172926053,0.080873698489927537:0.062677562549068894:0.082259674172926053:0.0461612810006541,-10.52,-9.27,-9.27,5.80517e+07,6.93368e+06,6.93368e+06,-29.06,0.631477
GU-258-259,AAGUCAUGUUUAGCAAGGCUAGCUACAACGAAGCUGGAC,-10.47,-32.59,2.98,2.98,0.00632201,0.00632201,17GGCUAGCU&17GGCUAGCU,17||||||||&17||||||||,-16.43,-1.42894,-2.24235,18:19:17:20,22:23:21:24,19:18:20:17,23:22:24:21,-3.74:-3.74:-3.4:-3.4,2.07:2.06:0.89:2.06,2.06:2.07:2.06:0.89,0.029676054670601429:0.030184629039138693:0.22039840470839631:0.030184629039138693,0.030184629039138693:0.029676054670601429:0.030184629039138693:0.22039840470839631,-10.51,-11.06,-11.06,5.75431e+07,1.45187e+08,1.45187e+08,-32.63,0.925832
GU-258-259,AAGUCAUGUUUAGCAAGGCUAGCUACAACGAAGCUGGAC,-5.1,-27.22,3.81,1.97,0.00154291,0.0351725,33GCUGGAC&8GUUUAGC,33|||||||&8|||||||,-10.88,-0.696044,-1.48489,33,37,10,14,-0.94,3.81,1.97,0.0015429142046262496,0.035172477965101166,-10.51,-11.06,-11.06,5.75431e+07,1.45187e+08,1.45187e+08,-32.63,0.000100843
GU-281-282,CACCGUCUAUUCUAAAGGCUAGCUACAACGAUUAAAGAA,-10.29,-17.93,3.05,3.05,0.00561303,0.00561303,17GGCUAGCU&17GGCUAGCU,17||||||||&17||||||||,-16.39,-1.40437,-2.23689,17:20:18:19,21:24:22:23,20:17:19:18,24:21:23:22,-3.16:-3.16:-2.6:-2.6,2.97:0.21:2.53:2.09,0.21:2.97:2.09:2.53,0.0064303546912167255:0.69988504248464434:0.013581285074619616:0.028684468141396482,0.69988504248464434:0.0064303546912167255:0.028684468141396482:0.013581285074619616,-10.49,-3.82,-3.82,5.5827e+07,659.231,659.231,-18.13,0.702824
GU-295-296,AUGUGGUACCAUGUCAGGCUAGCUACAACGACGUCUAUU,-12.72,-32.56,0.02,0.02,0.966586,0.966586,30GACGUC&30GACGUC,30||||||&30||||||,-12.76,-1.73602,-1.74147,30:31,34:35,31:30,35:34,-8.52:-8.52,0.02:0.02,0.02:0.02,0.96658630871888551:0.96658630871888551,0.96658630871888551:0.96658630871888551,-12.72,-9.92,-9.92,2.44718e+09,2.09239e+07,2.09239e+07,-32.56,0.996063
GU-295-296,AUGUGGUACCAUGUCAGGCUAGCUACAACGACGUCUAUU,-6.59,-26.43,4.82,4.82,0.000277328,0.000277328,17GGCUAGCU&17GGCUAGCU,17||||||||&17||||||||,-16.23,-0.899398,-2.21506,18:19,22:23,19:18,23:22,-0.04:-0.04,2.85:3.74,3.74:2.85,0.0078848074703606556:0.0017377989879003343,0.0017377989879003343:0.0078848074703606556,-12.72,-9.92,-9.92,2.44718e+09,2.09239e+07,2.09239e+07,-32.56,2.98224e-05
GU-303-304,CGUGAUAUAUGUGGUAGGCUAGCUACAACGACAUGUCAC,-9.47,-41.01,15.77,15.77,2.30274e-12,2.30274e-12,2GUGAUAUAUGUGGUAGGCUAGCUACAACGACAUGUCAC&2GUGAUAUAUGUGGUAGGCUAGCUACAACGACAUGUCAC,2|||||..||||.||.||||||||...||.|||||||||&2|||||..||||.||.||||||||...||.|||||||||,-41.01,-1.29246,-5.59701,18:19:17:20,22:23:21:24,19:18:20:17,23:22:24:21,-5.13:-5.13:-2.89:-2.89,0.01:1.35:2.11:1.35,1.35:0.01:1.35:2.11,0.9831512135571443:0.10086561699528819:0.027726014178356899:0.10086561699528819,0.10086561699528819:0.9831512135571443:0.10086561699528819:0.027726014178356899,-8.32,-15.77,-15.77,1.39415e+06,4.34266e+11,4.34266e+11,-39.86,6.9863
GU-319-320,UUUAGUAAGACGUUGAGGCUAGCUACAACGAGUGAUAUA,-15.89,-33.37,8.69,8.69,3.86418e-07,3.86418e-07,11CGUUGAGGCUAGCUACAACG&11CGUUGAGGCUAGCUACAACG,11|||||.||||||||.|||||&11|||||.||||||||.|||||,-33.27,-2.16865,-4.54066,18:19:17:20,22:23:21:24,19:18:20:17,23:22:24:21,-3.14:-3.14:-0.65:-0.65,0.11:3.11:3.23:3.25,3.11:0.11:3.25:3.23,0.82951360981557831:0.0050689662956769702:0.0041339311481672679:0.0039958012490050243,0.0050689662956769702:0.82951360981557831:0.0039958012490050243:0.0041339311481672679,-9.97,-8.74,-8.74,2.30687e+07,2.81735e+06,2.81735e+06,-27.45,23082.9
GU-325-326,UGUGUAUUUAGUAAGAGGCUAGCUACAACGAGUUGACGU,-6.92,-26.62,0.66,0.66,0.325793,0.325793,32GUUGAC&32GUUGAC,32||||||&32||||||,-8.24,-0.944436,-1.12459,32:33,36:37,33:32,37:36,-2.87:-2.87,0:0.66,0.66:0,1:0.32579250975158802,0.32579250975158802:1,-6.93,-9.85,-9.85,131679,1.85774e+07,1.85774e+07,-26.63,0.97101
GU-354-355,UGCCUUAAAGCAUAGAGGCUAGCUACAACGAGAGGUCUG,-4.88,-26.28,0.89,0.89,0.220398,0.220398,20UAGCUA&20UAGCUA,20||||||&20||||||,-6.66,-0.666019,-0.908952,20:21,24:25,21:20,25:24,-4.31:-4.31,0.87:0.88,0.88:0.87,0.22801730452866908:0.22417548965938996,0.22417548965938996:0.22801730452866908,-5.4,-10.7,-10.7,9800.3,7.87513e+07,7.87513e+07,-26.8,0.407422
GU-382-383,UAAUGUGUCACAAUUAGGCUAGCUACAACGACUUCAUCA,-11.49,-22.79,2.43,2.43,0.0160967,0.0160967,17GGCUAGCU&17GGCUAGCU,17||||||||&17||||||||,-16.35,-1.56815,-2.23144,18:19:17:20,22:23:21:24,19:18:20:17,23:22:24:21,-4.05:-4.05:-2.24:-2.24,0.01:2.33:2.38:2.19,2.33:0.01:2.19:2.38,0.9831512135571443:0.019078071529255121:0.017524114045925947:0.02420192986134858,0.019078071529255121:0.9831512135571443:0.02420192986134858:0.017524114045925947,-11.55,-5.65,-5.65,3.34482e+08,14774.7,14774.7,-22.85,0.901321
GU-388-389,UUCUUUUAAUGUGUCAGGCUAGCUACAACGAAAUUACCU,-10.13,-18.41,4.14,4.14,0.000880668,0.000880668,7UAAUGUGUCAGGCUAGCUACAACGAAAUUA&7UAAUGUGUCAGGCUAGCUACAACGAAAUUA,7||||.|||..||||||||...|||..||||&7||||.|||..||||||||...|||..||||,-18.41,-1.38253,-2.51258,18:19:17:20,22:23:21:24,19:18:20:17,23:22:24:21,-3.47:-3.47:-3.38:-3.38,0.78:2.24:0.18:2.53,2.24:0.78:2.53:0.18,0.26569594772217947:0.022230621075689613:0.7364881326473961:0.013581285074619616,0.022230621075689613:0.26569594772217947:0.013581285074619616:0.7364881326473961,-10.25,-4.14,-4.14,3.71e+07,1135.5,1135.5,-18.53,0.805827
GU-411-412,CAACAAUUGUAUGUGAGGCUAGCUACAACGAAAGUAUUU,-11.83,-25.09,6.63,6.63,1.28018e-05,1.28018e-05,3ACAAUUGUAUGUGAGGCUAGCUACAACGAAAGU&3ACAAUUGUAUGUGAGGCUAGCUACAACGAAAGU,3||..||||.|||..|||||||||||||||..||&3||..||||.|||..|||||||||||||||..||,-25.09,-1.61455,-3.42426,18:19:17:20,22:23:21:24,19:18:20:17,23:22:24:21,-5.8:-5.8:-2.27:-2.27,0.03:0.86:0.77:3.11,0.86:0.03:3.11:0.77,0.95030050242469288:0.23192495862734949:0.27024932081491682:0.0050689662956769702,0.23192495862734949:0.95030050242469288:0.0050689662956769702:0.27024932081491682,-9.94,-6.63,-6.63,2.1945e+07,78113.9,78113.9,-23.2,24.4808
GU-424-425,AUAAUCAUCAUCACAAGGCUAGCUACAACGAAAUUGUAU,-12.65,-18.25,1.13,1.13,0.146587,0.146587,17GGCUAGCU&17GGCUAGCU,17||||||||&17||||||||,-14.91,-1.72646,-2.03491,18:19:17:20,22:23:21:24,19:18:20:17,23:22:24:21,-7.26:-7.26:-5.1:-5.1,0.22:0.26:0.15:0.97,0.26:0.22:0.97:0.15,0.68809282886927159:0.64287762443552887:0.775005517484465:0.19238490963730132,0.64287762443552887:0.68809282886927159:0.19238490963730132:0.775005517484465,-12.97,-2.8,-2.8,3.75915e+09,116.496,116.496,-18.57,0.575713
GU-427-428,GAAAUAAUCAUCAUCAGGCUAGCUACAACGAAACAAUUG,-15.21,-18.05,0.61,0.61,0.354682,0.354682,17GGCUAGCU&17GGCUAGCU,17||||||||&17||||||||,-16.43,-2.07585,-2.24235,18:19:17:20,22:23:21:24,19:18:20:17,23:22:24:21,-7.45:-7.45:-6.31:-6.31,0.09:0.27:0.56:0.27,0.27:0.09:0.27:0.56,0.85818886770185743:0.63204591663252419:0.38613387115048414:0.63204591663252419,0.63204591663252419:0.85818886770185743:0.63204591663252419:0.38613387115048414,-15.28,-1.42,-1.42,1.90777e+11,11.1664,11.1664,-18.12,0.878957
GU-427-428,GAAAUAAUCAUCAUCAGGCUAGCUACAACGAAACAAUUG,-5.44,-8.28,0.18,0.18,0.736488,0.736488,34CAAUUG&34CAAUUG,34||||||&34||||||,-5.8,-0.742447,-0.791579,34:35,38:39,35:34,39:38,-2.76:-2.76,0.17:0.14,0.14:0.17,0.74910972238207862:0.78828720017586473,0.78828720017586473:0.74910972238207862,-15.28,-1.42,-1.42,1.90777e+11,11.1664,11.1664,-18.12,5.42026e-08
GU-458-459,UUUCUACAAAAUCAUAGGCUAGCUACAACGACAGUCCUU,-7.53,-17.45,4.39,4.39,0.000575865,0.000575865,17GGCUAGCU&17GGCUAGCU,17||||||||&17||||||||,-16.31,-1.02769,-2.22598,18:19,22:23,19:18,23:22,-0.66:-0.66,3.05:3.05,3.05:3.05,0.0056130315817952848:0.0056130315817952848,0.0056130315817952848:0.0056130315817952848,-5.71,-4.96,-4.96,16589.6,4574.27,4574.27,-15.63,21.7302
GU-468-469,AUAUCUGGGUUUUCUAGGCUAGCUACAACGAAAAAUCAU,-11.81,-24.53,2.31,2.31,0.0197376,0.0197376,17GGCUAGCU&17GGCUAGCU,17||||||||&17||||||||,-16.43,-1.61182,-2.24235,18:19:17:20,22:23:21:24,19:18:20:17,23:22:24:21,-5.59:-5.59:-4.07:-4.07,0.38:0.78:2.3:0.78,0.78:0.38:0.78:2.3,0.52429068987504124:0.26569594772217947:0.020075830203790699:0.26569594772217947,0.26569594772217947:0.52429068987504124:0.26569594772217947:0.020075830203790699,-11.88,-6.36,-6.36,5.92704e+08,49371.5,49371.5,-24.6,0.876122
GU-508-509,UUGGCGUACACGUUCAGGCUAGCUACAACGACUAAGUUG,-9.29,-30.93,3.13,3.13,0.00489959,0.00489959,17GGCUAGCU&17GGCUAGCU,17||||||||&17||||||||,-15.55,-1.26789,-2.12225,18:19:17:20,22:23:21:24,19:18:20:17,23:22:24:21,-2.78:-2.78:-1.67:-1.67,2.52:2.61:2.21:2.52,2.61:2.52:2.52:2.21,0.013814034796825499:0.011855050880681737:0.023393254048554288:0.013814034796825499,0.011855050880681737:0.013814034796825499:0.013814034796825499:0.023393254048554288,-9.65,-10.82,-10.82,1.3261e+07,9.65638e+07,9.65638e+07,-31.29,0.540936
GU-514-515,CAAAGCUUGGCGUACAGGCUAGCUACAACGAGUUCACCU,-7.61,-32.05,12.22,12.22,9.59468e-10,9.59468e-10,4AGCUUGGCGUACAGGCUAGCUACAACGAGUU&4AGCUUGGCGUACAGGCUAGCUACAACGAGUU,4||||||..||...||||||||||..||||||&4||||||..||...||||||||||..||||||,-32.05,-1.03861,-4.37416,17:20,21:24,20:17,24:21,-0.29:-0.29,2.07:3.77,3.77:2.07,0.029676054670601429:0.00165143125131481,0.00165143125131481:0.029676054670601429,-4.6,-12.22,-12.22,2487.7,1.04224e+09,1.04224e+09,-29.04,166.012
GU-516-517,AACAAAGCUUGGCGUAGGCUAGCUACAACGAACGUUCAC,-14.5,-36.5,0.4,0.4,0.506772,0.506772,30GAACGUUC&30GAACGUUC,30||||||||&30||||||||,-15.3,-1.97895,-2.08813,30:33:31:32,34:37:35:36,33:30:32:31,37:34:36:35,-7.58:-7.58:-4.68:-4.68,0.4:0.39:0.37:0.36,0.39:0.4:0.36:0.37,0.50677220262199407:0.51545702800735915:0.53327573891517921:0.54241476953044854,0.51545702800735915:0.50677220262199407:0.54241476953044854:0.53327573891517921,-14.5,-11,-11,5.0257e+10,1.31114e+08,1.31114e+08,-36.5,0.998482
GU-530-531,AUUGUACUGUUUUUAAGGCUAGCUACAACGAAAAGCUUG,-7.98,-21.52,0.14,0.14,0.788287,0.788287,33AAGCUU&33AAGCUU,33||||||&33||||||,-8.26,-1.0891,-1.12732,33:34,37:38,34:33,38:37,-6.45:-6.45,0.13:0.14,0.14:0.13,0.80179649814371778:0.78828720017586473,0.78828720017586473:0.80179649814371778,-8.6,-6.77,-6.77,2.23628e+06,99093.1,99093.1,-22.14,0.346305
GU-530-531,AUUGUACUGUUUUUAAGGCUAGCUACAACGAAAAGCUUG,-7.97,-21.51,4.09,4.09,0.000958762,0.000958762,17GGCUAGCU&17GGCUAGCU,17||||||||&17||||||||,-16.15,-1.08774,-2.20414,18:19:17:20,22:23:21:24,19:18:20:17,23:22:24:21,-1.95:-1.95:-0.14:-0.14,2.89:2.83:3.83:2.77,2.83:2.89:2.77:3.83,0.0073666896136771196:0.0081573754968774451:0.0014913597457196219:0.0090329277445750054,0.0081573754968774451:0.0073666896136771196:0.0090329277445750054:0.0014913597457196219,-8.6,-6.77,-6.77,2.23628e+06,99093.1,99093.1,-22.14,0.34047
GU-540-541,GCAUCACAGAAUUGUAGGCUAGCUACAACGAUGUUUUUA,-8.43,-30.29,7.14,7.14,5.38156e-06,5.38156e-06,12UUGUAGGCUAGCUACAA&12UUGUAGGCUAGCUACAA,12||||||.||||||||||&12|||||.|||||||||||,-22.71,-1.15052,-3.09944,19,23,18,22,-1.76,4.6,0,0.00040303895837143493,1,-7.95,-10.93,-10.93,741434,1.1641e+08,1.1641e+08,-29.81,2.24387
GU-550-551,AUUUCGCAUGGCAUCAGGCUAGCUACAACGAAGAAUUGU,-5.39,-22.79,5.5,5.5,8.73325e-05,8.73325e-05,17GGCUAGCU&17GGCUAGCU,17||||||||&17||||||||,-16.39,-0.735623,-2.23689,17:20,21:24,20:17,24:21,-0.77:-0.77,1:4.39,4.39:1,0.18282347628725659:0.00057586451189271977,0.00057586451189271977:0.18282347628725659,-5.41,-8.7,-8.7,9881.96,2.63222e+06,2.63222e+06,-22.81,0.96118
GU-571-572,CAGUACACCAACAAUAGGCUAGCUACAACGACAGCAUUU,-6.99,-17.39,4.7,4.7,0.000340056,0.000340056,17GGCUAGCU&17GGCUAGCU,17||||||||&17||||||||,-16.39,-0.95399,-2.23689,17:20,21:24,20:17,24:21,-1.43:-1.43,1.28:3.6,3.6:1.28,0.11360590666855311:0.0022045251876633741,0.0022045251876633741:0.11360590666855311,-7.02,-5.2,-5.2,152571,6877.55,6877.55,-17.42,0.943896
GU-576-577,AAUGUCAGUACACCAAGGCUAGCUACAACGAAAUACCAG,-9.03,-17.33,3.64,3.64,0.00205966,0.00205966,17GGCUAGCU&17GGCUAGCU,17||||||||&17||||||||,-16.31,-1.23241,-2.22598,17:20:18:19,21:24:22:23,20:17:19:18,24:21:23:22,-2.41:-2.41:-1.52:-1.52,1.72:2.17:2.93:2.98,2.17:1.72:2.98:2.93,0.053789186434297774:0.025038560595200068:0.0068826177517021933:0.006322011018272602,0.025038560595200068:0.053789186434297774:0.006322011018272602:0.0068826177517021933,-9.12,-4.15,-4.15,5.46546e+06,1154.96,1154.96,-17.42,0.843771
GU-580-581,AUCUAAUGUCAGUACAGGCUAGCUACAACGACAACAAUA,-14.93,-27.11,6.09,6.09,3.20461e-05,3.20461e-05,7UGUCAGUACAGGCUAGCUACAACGACA&7UGUCAGUACAGGCUAGCUACAACGACA,7||||.||...||||||||...||||||&7||||.||...||||||||...||||||,-27.11,-2.03763,-3.69995,18:19:17:20,22:23:21:24,19:18:20:17,23:22:24:21,-4.82:-4.82:-4.6:-4.6,0.7:1.38:0.26:1.47,1.38:0.7:1.47:0.26,0.30438438818228331:0.095852646507999018:0.64287762443552887:0.082259674172926053,0.095852646507999018:0.30438438818228331:0.082259674172926053:0.64287762443552887,-11.44,-6.09,-6.09,2.77088e+08,31205.1,31205.1,-23.62,376.05
GU-582-583,UUAUCUAAUGUCAGUAGGCUAGCUACAACGAACCAACAA,-7.73,-19.25,5.63,5.63,7.00229e-05,7.00229e-05,14GUAGGCUAGCUAC&14GUAGGCUAGCUAC,14||||.||||||||&14|||.|||||||||,-18.99,-1.05498,-2.59174,19,23,18,22,-3.56,2.75,0.05,0.0093451848666750263,0.9185474548123862,-7.52,-5.76,-5.76,357261,17811.3,17811.3,-19.04,1.41745
GU-613-614,GAAAUCAUACCAGUUAGGCUAGCUACAACGACAUUGAGA,-13.91,-23.63,4.86,4.86,0.000259105,0.000259105,5UCAUACCAGUUAGGCUAGCUACAACGACAUUGA&5UCAUACCAGUUAGGCUAGCUACAACGACAUUGA,5|||.....|||.||||||||..|||.....|||&5|||.....|||.||||||||..|||.....|||,-23.63,-1.89843,-3.225,18:19:17:20,22:23:21:24,19:18:20:17,23:22:24:21,-6.99:-6.99:-4.43:-4.43,0.05:0.27:2.43:0.27,0.27:0.05:0.27:2.43,0.9185474548123862:0.63204591663252419:0.016096730354727251:0.63204591663252419,0.63204591663252419:0.9185474548123862:0.63204591663252419:0.016096730354727251,-12.04,-4.86,-4.86,7.78232e+08,3859.44,3859.44,-21.76,23.6606
GU-620-621,AAUCACCGAAAUCAUAGGCUAGCUACAACGACAGUUACC,-8.17,-19.59,4.11,4.11,0.000926726,0.000926726,17GGCUAGCU&17GGCUAGCU,17||||||||&17||||||||,-16.39,-1.11504,-2.23689,18:19:17:20,22:23:21:24,19:18:20:17,23:22:24:21,-1.13:-1.13:-0.58:-0.58,2.97:2.46:3.91:2.46,2.46:2.97:2.46:3.91,0.0064303546912167255:0.015296730943492121:0.0013018021173818767:0.015296730943492121,0.015296730943492121:0.0064303546912167255:0.015296730943492121:0.0013018021173818767,-8.21,-5.71,-5.71,1.15614e+06,16360.5,16360.5,-19.63,0.925096
GU-631-632,GGUUUGUAUGAAAUCAGGCUAGCUACAACGACGAAAUCA,-10.61,-25.15,2.91,2.91,0.00712054,0.00712054,17GGCUAGCU&17GGCUAGCU,17||||||||&17||||||||,-16.43,-1.44804,-2.24235,18:19:17:20,22:23:21:24,19:18:20:17,23:22:24:21,-2.5:-2.5:-2.08:-2.08,2.13:2.64:2.69:1.66,2.64:2.13:1.66:2.69,0.026799585700145474:0.011265860808182149:0.010348227771626334:0.059562519181135275,0.011265860808182149:0.026799585700145474:0.059562519181135275:0.010348227771626334,-10.68,-7.27,-7.27,7.71905e+07,231754,231754,-25.22,0.875542
GU-658-659,UACAACAGGAACUCCAGGCUAGCUACAACGAUACCUGGC,-7.99,-26.83,4.22,4.22,0.000768732,0.000768732,17GGCUAGCU&17GGCUAGCU,17||||||||&17||||||||,-16.43,-1.09047,-2.24235,18:19:17:20,22:23:21:24,19:18:20:17,23:22:24:21,-2.05:-2.05:-1.32:-1.32,2.95:1.61:4.18:1.61,1.61:2.95:1.61:4.18,0.006652644086940899:0.064844248241154756:0.00082279871255478971:0.064844248241154756,0.064844248241154756:0.006652644086940899:0.064844248241154756:0.00082279871255478971,-8.05,-9.42,-9.42,884412,8.94662e+06,8.94662e+06,-26.89,0.890656
GU-663-664,GAAUCUACAACAGGAAGGCUAGCUACAACGAUCCACUAC,-13.25,-20.65,1.57,1.57,0.0694049,0.0694049,17GGCUAGCU&17GGCUAGCU,17||||||||&17||||||||,-16.39,-1.80835,-2.23689,18:19:17:20,22:23:21:24,19:18:20:17,23:22:24:21,-6.61:-6.61:-5.32:-5.32,0.44:0.33:1.49:0.32,0.33:0.44:0.32:1.49,0.47347174114131668:0.5707823663635625:0.079511074815226859:0.58056416804736677,0.5707823663635625:0.47347174114131668:0.58056416804736677:0.079511074815226859,-13.35,-3.7,-3.7,7.18745e+09,537.628,537.628,-20.75,0.834645
GU-669-670,UAAUAAGAAUCUACAAGGCUAGCUACAACGAAGGAACUC,-13.81,-17.33,1.31,1.31,0.10796,0.10796,17GGCUAGCU&17GGCUAGCU,17||||||||&17||||||||,-16.43,-1.88478,-2.24235,18:19:17:20,22:23:21:24,19:18:20:17,23:22:24:21,-6.5:-6.5:-5.35:-5.35,0.53:0.66:1.13:0.66,0.66:0.53:0.66:1.13,0.40632817741889343:0.32579250975158802:0.14658722306558336:0.32579250975158802,0.32579250975158802:0.40632817741889343:0.32579250975158802:0.14658722306558336,-13.95,-1.76,-1.76,1.97332e+10,19.8987,19.8987,-17.47,0.7873
GU-672-673,GAAUAAUAAGAAUCUAGGCUAGCUACAACGAAACAGGAA,-13.73,-17.35,1.35,1.35,0.100866,0.100866,17GGCUAGCU&17GGCUAGCU,17||||||||&17||||||||,-16.43,-1.87386,-2.24235,18:19:17:20,22:23:21:24,19:18:20:17,23:22:24:21,-5.91:-5.91:-4.96:-4.96,0.29:0.87:1.06:0.85,0.87:0.29:0.85:1.06,0.61092692949867611:0.22801730452866908:0.16510258776455974:0.23589958027740274,0.22801730452866908:0.61092692949867611:0.23589958027740274:0.16510258776455974,-13.77,-1.81,-1.81,1.46779e+10,21.6632,21.6632,-17.39,0.923928
GU-692-693,UUAAUAUAGGCAUUAAGGCUAGCUACAACGAAAUGAAUA,-10.09,-18.91,2.64,2.64,0.0112659,0.0112659,17GGCUAGCU&17GGCUAGCU,17||||||||&17||||||||,-15.37,-1.37708,-2.09769,18:19:17:20,22:23:21:24,19:18:20:17,23:22:24:21,-5.44:-5.44:-3.57:-3.57,1.17:1.17:1.68:1.12,1.17:1.17:1.12:1.68,0.13695484356647333:0.13695484356647333:0.05757231555329137:0.14909936644965871,0.13695484356647333:0.13695484356647333:0.14909936644965871:0.05757231555329137,-10.33,-4.41,-4.41,4.19989e+07,1796.55,1796.55,-19.15,0.665058
GU-734-735,CAGUGUCAACAUGUGAGGCUAGCUACAACGAUCUGCAGU,-9.76,-28.46,6.98,6.98,7.0629e-06,7.0629e-06,2AGUGUCAACAUGUGAGGCU&2AGUGUCAACAUGUGAGGCU,2|||.||.||||||||.|||&2|||.|||.|||||||.|||,-23.72,-1.33204,-3.23729,9,13,10,14,-3.14,0,1.31,1,0.10795975018553876,-6.96,-9.35,-9.35,136893,7.9433e+06,7.9433e+06,-25.66,116.463
GU-734-735,CAGUGUCAACAUGUGAGGCUAGCUACAACGAUCUGCAGU,-6.94,-25.64,2.28,2.28,0.0207698,0.0207698,33CUGCAG&33CUGCAG,33||||||&33||||||,-11.5,-0.947166,-1.56951,33:34,37:38,34:33,38:37,-3.75:-3.75,1.87:2.28,2.28:1.87,0.041686916267581295:0.020769826783910515,0.020769826783910515:0.041686916267581295,-6.96,-9.35,-9.35,136893,7.9433e+06,7.9433e+06,-25.66,0.966313
GU-741-742,GUUAAGUCAGUGUCAAGGCUAGCUACAACGAAUGUGACU,-11.07,-28.41,2.56,2.56,0.0129063,0.0129063,17GGCUAGCU&17GGCUAGCU,17||||||||&17||||||||,-16.19,-1.51082,-2.2096,18:19:17:20,22:23:21:24,19:18:20:17,23:22:24:21,-4.08:-4.08:-2.87:-2.87,1.48:1.7:2.45:1.7,1.7:1.48:1.7:2.45,0.080873698489927537:0.055648611975054774:0.015558879176019053:0.055648611975054774,0.055648611975054774:0.080873698489927537:0.055648611975054774:0.015558879176019053,-11.26,-8.67,-8.67,2.0659e+08,2.5014e+06,2.5014e+06,-28.6,0.714819
GU-773-774,AUUUUAACAAAUCCCAGGCUAGCUACAACGAUUAAUGUA,-13.51,-20.03,3.26,3.26,0.00392848,0.00392848,7ACAAAUCCCAGGCUAGCUACAACGAUUAAUGU&7ACAAAUCCCAGGCUAGCUACAACGAUUAAUGU,7|||||||...||||||||.....||||..|||&7|||||||...||||||||.....||||..|||,-20.03,-1.84383,-2.73368,18:19:17:20,22:23:21:24,19:18:20:17,23:22:24:21,-7.62:-7.62:-5.7:-5.7,0.03:0.05:1.35:0.07,0.05:0.03:0.07:1.35,0.95030050242469288:0.9185474548123862:0.10086561699528819:0.8878553937302317,0.9185474548123862:0.95030050242469288:0.8878553937302317:0.10086561699528819,-13.08,-3.26,-3.26,4.50192e+09,254.552,254.552,-19.6,2.07276
GU-782-783,UGAAGUCAUAUUUUAAGGCUAGCUACAACGAAAAUCCCA,-12.01,-19.37,2.19,2.19,0.0242019,0.0242019,17GGCUAGCU&17GGCUAGCU,17||||||||&17||||||||,-16.39,-1.63912,-2.23689,18:19:17:20,22:23:21:24,19:18:20:17,23:22:24:21,-4.24:-4.24:-3.28:-3.28,1.66:1.73:1.94:1.42,1.73:1.66:1.42:1.94,0.059562519181135275:0.052882903919131342:0.037011953456152595:0.089554082091194351,0.052882903919131342:0.059562519181135275:0.089554082091194351:0.037011953456152595,-12.06,-3.68,-3.68,8.01846e+08,519.664,519.664,-19.42,0.909715
GU-809-810,GGUCAAAGAGUUUUAAGGCUAGCUACAACGACUCUCUUC,-15.27,-30.79,7.76,7.76,1.87658e-06,1.87658e-06,7AGAGUUUUAAGGCUAGCUACAACGACUCU&7AGAGUUUUAAGGCUAGCUACAACGACUCU,7||||||....||||||||.....||||||&7||||||....||||||||.....||||||,-30.79,-2.08404,-4.20219,18:19:17:20,22:23:21:24,19:18:20:17,23:22:24:21,-6.19:-6.19:-4.57:-4.57,0.37:0.66:1.87:0.66,0.66:0.37:0.66:1.87,0.53327573891517921:0.32579250975158802:0.041686916267581295:0.32579250975158802,0.32579250975158802:0.53327573891517921:0.32579250975158802:0.041686916267581295,-12.6,-7.76,-7.76,1.98964e+09,532883,532883,-28.12,93.325
GU-826-827,CCAAUAUUUAAAAUAAGGCUAGCUACAACGAGGUCAAAG,-8.19,-16.71,3.93,3.93,0.0012583,0.0012583,17GGCUAGCU&17GGCUAGCU,17||||||||&17||||||||,-16.05,-1.11776,-2.19049,18:19:17:20,22:23:21:24,19:18:20:17,23:22:24:21,-0.73:-0.73:-0.36:-0.36,3.28:3.46:3.23:2.81,3.46:3.28:2.81:3.23,0.0037972119345186886:0.0027966015269200771:0.0041339311481672679:0.0084393658624124703,0.0027966015269200771:0.0037972119345186886:0.0084393658624124703:0.0041339311481672679,-8.3,-4.26,-4.26,1.35556e+06,1392.34,1392.34,-16.82,0.816282
GU-826-827,CCAAUAUUUAAAAUAAGGCUAGCUACAACGAGGUCAAAG,-5.26,-13.78,0.1,0.1,0.843729,0.843729,5UAUUUAAAAUA&5UAUUUAAAAUA,5|||||.|||||&5|||||.|||||,-5.46,-0.717881,-0.745176,5:11,9:15,11:5,15:9,-1.89:-1.89,0.09:0.09,0.09:0.09,0.85818886770185743:0.85818886770185743,0.85818886770185743:0.85818886770185743,-8.3,-4.26,-4.26,1.35556e+06,1392.34,1392.34,-16.82,0.00561816
GU-865-866,AUCCAAACAGUUAACAGGCUAGCUACAACGAAAUUUGGG,-13.13,-27.37,7.12,7.12,5.56759e-06,5.56759e-06,3CCAAACAGUUAACAGGCUAGCUACAACGAAAUUUGG&3CCAAACAGUUAACAGGCUAGCUACAACGAAAUUUGG,3|||||..|||....||||||||..|||....|||||&3|||||..|||....||||||||..|||....|||||,-27.37,-1.79197,-3.73544,18:19:17:20,22:23:21:24,19:18:20:17,23:22:24:21,-4.64:-4.64:-3.58:-3.58,0.34:1.6:1.79:1.6,1.6:0.34:1.6:1.79,0.56116537616735496:0.065955518690295312:0.047757019300052266:0.065955518690295312,0.065955518690295312:0.56116537616735496:0.065955518690295312:0.047757019300052266,-12.52,-7.12,-7.12,1.75666e+09,179611,179611,-26.76,2.78504
GU-867-868,UCAUCCAAACAGUUAAGGCUAGCUACAACGAACAAUUUG,-13.95,-21.09,3.52,3.52,0.00252553,0.00252553,12GUUAAGGCUAGCUACAAC&12GUUAAGGCUAGCUACAAC,12|||..||||||||..|||&12|||..||||||||..|||,-20.99,-1.90388,-2.8647,18:19:17:20,22:23:21:24,19:18:20:17,23:22:24:21,-5.13:-5.13:-3.64:-3.64,1.2:1.21:1.82:1.21,1.21:1.2:1.21:1.82,0.13014825665071483:0.12795541646849698:0.045383519435145431:0.12795541646849698,0.12795541646849698:0.13014825665071483:0.12795541646849698:0.045383519435145431,-13.16,-3.57,-3.57,5.15849e+09,431.068,431.068,-20.3,3.8206
GU-874-875,GCAUCUGUCAUCCAAAGGCUAGCUACAACGAAGUUAACA,-5.97,-16.81,1.38,1.38,0.0958526,0.0958526,33GUUAAC&33GUUAAC,33||||||&33||||||,-8.73,-0.814781,-1.19146,33:34,37:38,34:33,38:37,-1.54:-1.54,1.38:1.35,1.35:1.38,0.095852646507999018:0.10086561699528819,0.10086561699528819:0.095852646507999018,-5.97,-5.42,-5.42,25494.1,9995.09,9995.09,-16.81,0.998227
GU-901-902,AACAUUAAAGUUUGCAGGCUAGCUACAACGAAAUGCAGA,-11.33,-25.21,1.41,1.41,0.0910888,0.0910888,17GGCUAGCU&17GGCUAGCU,17||||||||&17||||||||,-14.15,-1.54631,-1.93118,18:19:17:20,22:23:21:24,19:18:20:17,23:22:24:21,-5.15:-5.15:-4.38:-4.38,0.7:1.37:0.15:1.27,1.37:0.7:1.27:0.15,0.30438438818228331:0.09749532440812847:0.775005517484465:0.11555283165192362,0.09749532440812847:0.30438438818228331:0.11555283165192362:0.775005517484465,-11.61,-6.94,-6.94,3.73972e+08,132281,132281,-25.49,0.614241
GU-915-916,ACUGUAGAGAAUAAAAGGCUAGCUACAACGAAUUAAAGU,-7.21,-18.03,4.53,4.53,0.000453947,0.000453947,17GGCUAGCU&17GGCUAGCU,17||||||||&17||||||||,-16.27,-0.984015,-2.22052,18:19:17:20,22:23:21:24,19:18:20:17,23:22:24:21,-2.42:-2.42:-2.14:-2.14,0.77:3.97:0.82:4.14,3.97:0.77:4.14:0.82,0.27024932081491682:0.0011756197984083094:0.24823682579931786:0.00088066822081252476,0.0011756197984083094:0.27024932081491682:0.00088066822081252476:0.24823682579931786,-7.4,-5.41,-5.41,292957,9826.69,9826.69,-18.22,0.714406
GU-932-933,AACUUGUAGGUGGGAAGGCUAGCUACAACGAACUGUAGA,-5.17,-31.57,0.11,0.11,0.829514,0.829514,33CUGUAG&33CUGUAG,33||||||&33||||||,-5.39,-0.705598,-0.735623,33:34,37:38,34:33,38:37,-1.61:-1.61,0.05:0.11,0.11:0.05,0.9185474548123862:0.82951360981557831,0.82951360981557831:0.9185474548123862,-5.17,-13.2,-13.2,6566.59,5.51034e+09,5.51034e+09,-31.57,0.995302
GU-946-947,CACUAGUGGUCCAAAAGGCUAGCUACAACGAUUGUAGGU,-6.17,-30.07,3.47,3.47,0.00274948,0.00274948,1CACUAGUG&1CACUAGUG,1||||||||&1||||||||,-13.11,-0.842077,-1.78924,2:3:1:4,6:7:5:8,3:2:4:1,7:6:8:5,-2.06:-2.06:-1.18:-1.18,0.87:1.82:0.87:3.46,1.82:0.87:3.46:0.87,0.22801730452866908:0.045383519435145431:0.22801730452866908:0.0027966015269200771,0.045383519435145431:0.22801730452866908:0.0027966015269200771:0.22801730452866908,-6.25,-11.95,-11.95,41399.9,6.58746e+08,6.58746e+08,-30.15,0.863503
GU-960-961,ACAAAUAUUUUUCUCAGGCUAGCUACAACGAUAGUGGUC,-5.37,-19.09,4.87,4.87,0.000254739,0.000254739,17GGCUAGCU&17GGCUAGCU,17||||||||&17||||||||,-15.11,-0.732893,-2.0622,17:20,21:24,20:17,24:21,-0.03:-0.03,1.1:4.71,4.71:1.1,0.15425354684288375:0.0003343263012549997,0.0003343263012549997:0.15425354684288375,-5.85,-6.86,-6.86,20919.4,115468,115468,-19.57,0.438874
GU-960-961,ACAAAUAUUUUUCUCAGGCUAGCUACAACGAUAGUGGUC,-4.99,-18.71,0.04,0.04,0.934289,0.934289,3AAAUAUUU&3AAAUAUUU,3||||||||&3||||||||,-5.07,-0.681031,-0.69195,4:5:3:6,8:9:7:10,5:4:6:3,9:8:10:7,-1.97:-1.97:-1.24:-1.24,0.04:0.04:0.04:0.04,0.04:0.04:0.04:0.04,0.93428909220280065:0.93428909220280065:0.93428909220280065:0.93428909220280065,0.93428909220280065:0.93428909220280065:0.93428909220280065:0.93428909220280065,-5.85,-6.86,-6.86,20919.4,115468,115468,-19.57,0.230097
GU-975-976,AAUGGAACACCAUCAAGGCUAGCUACAACGAAAAUAUUU,-15.21,-23.85,0.61,0.61,0.354682,0.354682,17GGCUAGCU&17GGCUAGCU,17||||||||&17||||||||,-16.43,-2.07585,-2.24235,18:19:17:20,22:23:21:24,19:18:20:17,23:22:24:21,-7.39:-7.39:-6.28:-6.28,0.1:0.3:0.56:0.3,0.3:0.1:0.3:0.56,0.84372942674231266:0.60063355213136327:0.38613387115048414:0.60063355213136327,0.60063355213136327:0.84372942674231266:0.60063355213136327:0.38613387115048414,-15.24,-4.32,-4.32,1.78401e+11,1541.78,1541.78,-23.88,0.93993
GU-975-976,AAUGGAACACCAUCAAGGCUAGCUACAACGAAAAUAUUU,-4.19,-12.83,0.01,0.01,0.983151,0.983151,32AAAUAUUU&32AAAUAUUU,32||||||||&32||||||||,-4.21,-0.571848,-0.574577,33:34:32:35,37:38:36:39,34:33:35:32,38:37:39:36,-2.03:-2.03:-0.88:-0.88,0.01:0.01:0.01:0.01,0.01:0.01:0.01:0.01,0.9831512135571443:0.9831512135571443:0.9831512135571443:0.9831512135571443,0.9831512135571443:0.9831512135571443:0.9831512135571443:0.9831512135571443,-15.24,-4.32,-4.32,1.78401e+11,1541.78,1541.78,-23.88,6.92928e-09
GU-982-983,AACUACAAAUGGAACAGGCUAGCUACAACGACAUCAACA,-14.33,-17.89,1.05,1.05,0.167932,0.167932,17GGCUAGCU&17GGCUAGCU,17||||||||&17||||||||,-16.43,-1.95575,-2.24235,18:19:17:20,22:23:21:24,19:18:20:17,23:22:24:21,-7.23:-7.23:-5.82:-5.82,0.23:0.33:0.91:0.32,0.33:0.23:0.32:0.91,0.67649929974279277:0.5707823663635625:0.21303408045461983:0.58056416804736677,0.5707823663635625:0.67649929974279277:0.58056416804736677:0.21303408045461983,-14.5,-1.78,-1.78,5.10355e+10,20.5865,20.5865,-18.06,0.736562
GU-984-985,GAAACUACAAAUGGAAGGCUAGCUACAACGAACCAUCAA,-13.05,-21.09,1.69,1.69,0.0566023,0.0566023,17GGCUAGCU&17GGCUAGCU,17||||||||&17||||||||,-16.43,-1.78105,-2.24235,18:19:17:20,22:23:21:24,19:18:20:17,23:22:24:21,-6.98:-6.98:-5.22:-5.22,0.35:0.31:1.61:0.3,0.31:0.35:0.3:1.61,0.55171042058518638:0.59051360568108813:0.064844248241154756:0.60063355213136327,0.59051360568108813:0.55171042058518638:0.60063355213136327:0.064844248241154756,-13.13,-4.02,-4.02,4.93183e+09,926.044,926.044,-21.17,0.865915
GU-993-994,UAUCCAGUUGAAACUAGGCUAGCUACAACGAAAAUGGAA,-11.05,-27.31,2.69,2.69,0.0103482,0.0103482,17GGCUAGCU&17GGCUAGCU,17||||||||&17||||||||,-16.43,-1.5081,-2.24235,18:19:17:20,22:23:21:24,19:18:20:17,23:22:24:21,-3.32:-3.32:-1.85:-1.85,0.52:2.58:2.44:2.62,2.58:0.52:2.62:2.44,0.41329163999986884:0.012475054838373295:0.015825519982552227:0.011655307660123937,0.012475054838373295:0.41329163999986884:0.011655307660123937:0.015825519982552227,-11.09,-8.13,-8.13,1.53745e+08,999264,999264,-27.35,0.928425
GU-996-997,UGGUAUCCAGUUGAAAGGCUAGCUACAACGAUACAAAUG,-16.55,-35.99,9.72,9.72,6.71353e-08,6.71353e-08,3GUAUCCAGUUGAAAGGCUAGCUACAACGAUAC&3GUAUCCAGUUGAAAGGCUAGCUACAACGAUAC,3|||||..||||...||||||||.|||||||||&3|||||..||||...||||||||.|||||||||,-35.99,-2.25873,-4.91189,18:19:17:20,22:23:21:24,19:18:20:17,23:22:24:21,-5.1:-5.1:-4.15:-4.15,0.13:1.38:1.38:1.62,1.38:0.13:1.62:1.38,0.80179649814371778:0.095852646507999018:0.095852646507999018:0.063751701350492018,0.095852646507999018:0.80179649814371778:0.063751701350492018:0.095852646507999018,-13.22,-9.72,-9.72,5.7687e+09,1.48953e+07,1.48953e+07,-32.66,283.33
GU-1027-1028,CUGAUUAUGUACAACAGGCUAGCUACAACGACUAGCUCU,-7.33,-28.31,0.41,0.41,0.498234,0.498234,8UGUACA&8UGUACA,8||||||&8||||||,-8.15,-1.00039,-1.11231,8:9,12:13,9:8,13:12,-5.96:-5.96,0.16:0.41,0.41:0.16,0.7619476150283343:0.49823370600484052,0.49823370600484052:0.7619476150283343,-7.45,-10.49,-10.49,318007,5.51169e+07,5.51169e+07,-28.43,0.806991
GU-1029-1030,UCCUGAUUAUGUACAAGGCUAGCUACAACGAACCUAGCU,-7.67,-22.57,0.18,0.18,0.736488,0.736488,10UGUACA&10UGUACA,10||||||&10||||||,-8.03,-1.0468,-1.09593,10:11,14:15,11:10,15:14,-6.7:-6.7,0.18:0.18,0.18:0.18,0.7364881326473961:0.7364881326473961,0.7364881326473961:0.7364881326473961,-7.87,-7.45,-7.45,646843,314675,314675,-22.77,0.706994
GU-1032-1033,ACAUCCUGAUUAUGUAGGCUAGCUACAACGAAACACCUA,-8.11,-21.01,6.38,6.38,1.95778e-05,1.95778e-05,13UGUAGGCUAGCUACA&13UGUAGGCUAGCUACA,13|||||.|||||||||&13||||.||||||||||,-20.87,-1.10685,-2.84832,19,23,18,22,-3.63,2.73,0,0.009668236330660572,1,-5.32,-6.45,-6.45,8488.59,57529.9,57529.9,-18.22,113.785
GU-1072-1073,AAGUAAUUCCUUAAAAGGCUAGCUACAACGAUAAGUCUA,-7.69,-18.27,4.23,4.23,0.00075578,0.00075578,17GGCUAGCU&17GGCUAGCU,17||||||||&17||||||||,-16.15,-1.04953,-2.20414,18:19:17:20,22:23:21:24,19:18:20:17,23:22:24:21,-1.02:-1.02:-0.2:-0.2,3.51:2:3.93:2.34,2:3.51:2.34:3.93,0.0025688112146768694:0.033424423481757073:0.0012583041033225777:0.018756629176317187,0.033424423481757073:0.0025688112146768694:0.018756629176317187:0.0012583041033225777,-7.77,-5.29,-5.29,543749,8014.03,8014.03,-18.35,0.870113
GU-1126-1127,AUCUAGUAAUAGAUUAGGCUAGCUACAACGACAGAAGCA,-8.73,-24.47,3.85,3.85,0.00144153,0.00144153,17GGCUAGCU&17GGCUAGCU,17||||||||&17||||||||,-16.43,-1.19146,-2.24235,17:20:18:19,21:24:22:23,20:17:19:18,24:21:23:22,-2.68:-2.68:-0.91:-0.91,0.49:3.16:2.64:3.31,3.16:0.49:3.31:2.64,0.4349062627509454:0.0046560860894238505:0.011265860808182149:0.003608492409186149,0.0046560860894238505:0.4349062627509454:0.003608492409186149:0.011265860808182149,-8.76,-7.87,-7.87,2.95656e+06,642404,642404,-24.5,0.936858
GU-1154-1155,CAGCUACUGAAAAGCAGGCUAGCUACAACGAGUAGUGCG,-5.77,-29.49,5.33,5.33,0.000116582,0.000116582,17GGCUAGCU&17GGCUAGCU,17||||||||&17||||||||,-16.43,-0.787485,-2.24235,17:20,21:24,20:17,24:21,-0.29:-0.29,1.04:4.96,4.96:1.04,0.1708099796937812:0.00021861428371683391,0.00021861428371683391:0.1708099796937812,-5.84,-11.86,-11.86,20593.2,5.65329e+08,5.65329e+08,-29.56,0.879734
GU-1164-1165,UUAGUAAGUGCAGCUAGGCUAGCUACAACGAUGAAAAGC,-13.15,-29.69,8.27,8.27,7.88868e-07,7.88868e-07,1UUAGUAAGUGCAGCUAGGCUAGCUACAACGAUGA&1UUAGUAAGUGCAGCUAGGCUAGCUACAACGAUGA,1|||.....||.||||||.||||||.||....|||&1|||.....||.||||||.||||||.||....|||,-29.69,-1.7947,-4.05207,13:19:12:20,17:23:16:24,19:13:20:12,23:17:24:16,-1.11:-1.11:-0.29:-0.29,1.42:5.01:1.4:4.8,5.01:1.42:4.8:1.4,0.089554082091194351:0.00020080759389373067:0.092649855769102923:0.00028691510991697835,0.00020080759389373067:0.089554082091194351:0.00028691510991697835:0.092649855769102923,-11.72,-8.27,-8.27,4.48103e+08,1.26764e+06,1.26764e+06,-28.26,11.2954
GU-1185-1186,ACAGUUUGAAAAGCAAGGCUAGCUACAACGAAUUGUUAG,-6.97,-28.45,4.73,4.73,0.000323155,0.000323155,17GGCUAGCU&17GGCUAGCU,17||||||||&17||||||||,-16.43,-0.95126,-2.24235,17:20,21:24,20:17,24:21,-1.75:-1.75,0:4.58,4.58:0,1:0.00041697151587593158,0.00041697151587593158:1,-7.02,-10.74,-10.74,152238,8.42901e+07,8.42901e+07,-28.5,0.914353
GU-1200-1201,GGGUUUGAGGCUAGCUACAACGAAGUUUGAA,-12.19,-20.99,4.4,4.4,0.000566162,0.000566162,3GUUUGAGGCUAGCUACAAC&3GUUUGAGGCUAGCUACAAC,3|||.|.||||||||.||||&3|||.|.||||||||.||||,-20.99,-1.7749,-3.05621,10:11:9:12,14:15:13:16,11:10:12:9,15:14:16:13,-3.8:-3.8:-2.57:-2.57,1.03:1.61:2.66:1.56,1.61:1.03:1.56:2.66,0.17373724137080884:0.064844248241154756:0.010889426813121545:0.070594336635987118,0.064844248241154756:0.17373724137080884:0.070594336635987118:0.010889426813121545,-11.32,-4.4,-4.4,2.27304e+08,1766.28,1766.28,-20.12,4.35737
